ensembl_id,baseMean,lfcSE,stat,pvalue,padj,log2FoldChange,symbol,gene,categoria
ENSG00000157933,871.0867090538843,0.09177175372350214,-12.416233475676535,2.1337278174855843e-35,2.8884273465302352e-31,-1.1104932103265968,SKI,SKI,Menor en MASH
ENSG00000019169,1218.2469787575753,0.2495708565971969,-12.151565737322425,5.627737860412907e-34,3.809134370820476e-30,-2.5472025561988105,MARCO,MARCO,Menor en MASH
ENSG00000162692,446.3037216066734,0.19489036871041893,-11.808698109232159,3.5196891920745144e-32,1.5882010864370898e-28,-2.0606629255290203,VCAM1,VCAM1,Menor en MASH
ENSG00000177575,1419.9955082953675,0.2389482362432075,-11.56015239645107,6.559227890199419e-31,1.775845358992591e-27,-2.351159819372866,CD163,CD163,Menor en MASH
ENSG00000187239,416.1279128873402,0.09404852405191003,-11.480941877017619,1.644788870138238e-30,3.710917822510221e-27,-1.0508673298820768,FNBP1,FNBP1,Menor en MASH
ENSG00000146425,400.78327021291295,0.11602195697704716,11.463296707062936,2.0168866980309133e-30,3.900370747320639e-27,1.2764095190490785,DYNLT1,DYNLT1,Mayor en MASH
ENSG00000172115,576.1730867777865,0.13439746722079093,11.415010163314804,3.518628400170001e-30,5.953959081637663e-27,1.4522517244422797,CYCS,CYCS,Mayor en MASH
ENSG00000239264,27.24192093863028,0.4144255082642325,-11.3809703322326,5.2017707440216505e-30,7.824041173535675e-27,-3.1473121108837185,TXNDC5,TXNDC5,Menor en MASH
ENSG00000172534,437.2521715802977,0.11622770556929568,-11.050834545017203,2.1718641581119633e-28,2.672775009851059e-25,-1.2326659415168288,HCFC1,HCFC1,Menor en MASH
ENSG00000165828,193.40944364499205,0.18946780906259977,10.982496165531284,4.639246062787348e-28,5.233456162662693e-25,1.8701622527331339,PRAP1,PRAP1,Mayor en MASH
ENSG00000133800,603.5775132128929,0.25003071494726636,-10.843900374460539,2.1318396220731305e-27,2.2199009972310747e-24,-2.2761411693057716,LYVE1,LYVE1,Menor en MASH
ENSG00000229833,81.30790653006359,0.2860322940283336,10.780807482976655,4.241459445958089e-27,4.101188322852475e-24,2.4363335482953326,PET100,PET100,Mayor en MASH
ENSG00000203710,54.58397697408841,0.3253984219834266,-10.764536589087019,5.061555435738411e-27,4.567885062239392e-24,-2.656303097631282,CR1,CR1,Menor en MASH
ENSG00000187193,5408.3685373177095,0.23688639958061317,-10.750122373236092,5.9183046459913476e-27,5.0072556245490545e-24,-2.172817831466526,MT1X,MT1X,Menor en MASH
ENSG00000170323,138.55348225644593,0.4355326804273681,10.657212552823719,1.6136128709069854e-26,1.2135265240815479e-23,2.717916098327291,FABP4,FABP4,Mayor en MASH
ENSG00000181631,87.41257357792914,0.22929918344229078,-10.603689430703524,2.8645180150806535e-26,2.0408937036919374e-23,-2.094162335425171,P2RY13,P2RY13,Menor en MASH
ENSG00000087237,393.8642608880567,0.24055610031899688,-10.529150724306797,6.340392421578332e-26,4.291494610545294e-23,-2.1520079412060604,CETP,CETP,Menor en MASH
ENSG00000271601,260.8240120111331,0.11036275573458665,-10.483509228933853,1.0285489379774356e-25,5.801444572250227e-23,-1.1147582057960947,LIX1L,LIX1L,Menor en MASH
ENSG00000204220,209.8628269991965,0.13684960224066178,10.4835303870619,1.0283187799086585e-25,5.801444572250227e-23,1.3556431249820882,PFDN6,PFDN6,Mayor en MASH
ENSG00000127418,918.9533340355636,0.1194129812741758,-10.449174905933816,1.4780548084809095e-25,8.003371176962429e-23,-1.1950343846668268,FGFRL1,FGFRL1,Menor en MASH
ENSG00000198074,373.3440658701004,0.5599357093195471,10.436358515972277,1.6917630880793411e-25,8.481998860492608e-23,2.291009840605397,AKR1B10,AKR1B10,Mayor en MASH
ENSG00000008441,1164.5478066335338,0.09929855379502096,-10.438134568403381,1.660413985734078e-25,8.481998860492608e-23,-1.0057673517289334,NFIX,NFIX,Menor en MASH
ENSG00000197629,687.2952088943464,0.18411690931453703,-10.431361702688845,1.7831434102360166e-25,8.620861551558914e-23,-1.7390966824396208,MPEG1,MPEG1,Menor en MASH
ENSG00000179776,386.5417716405845,0.13882255352388,-10.344311548761002,4.44096644682845e-25,2.0730125100247147e-22,-1.3552637151387155,CDH5,CDH5,Menor en MASH
ENSG00000145850,149.85319029096917,0.4470368294788855,-10.259617303176604,1.0713045960680968e-24,4.394621308173886e-22,-2.813364545997723,TIMD4,TIMD4,Menor en MASH
ENSG00000126759,493.1778156880894,0.18525993501265497,-10.261148518717915,1.0544504915633721e-24,4.394621308173886e-22,-1.7191109403458409,CFP,CFP,Menor en MASH
ENSG00000102755,314.9017298748201,0.15063734233713427,-10.225443846149494,1.5252761751804687e-24,6.07284223041706e-22,-1.4392346489452938,FLT1,FLT1,Menor en MASH
ENSG00000244187,320.74820856015594,0.17936649479374117,10.214690053117723,1.7042292473158133e-24,6.591471805975476e-22,1.6644411489218471,TMEM141,TMEM141,Mayor en MASH
ENSG00000004468,67.40256621324288,0.1783865895101606,-10.20072369421433,1.968005484107935e-24,7.4002472884358655e-22,-1.656204380099567,CD38,CD38,Menor en MASH
ENSG00000244405,100.50555725194023,0.17646442367687212,-10.170827542958431,2.6762515294832583e-24,9.7914640417878e-22,-1.6370168105269265,ETV5,ETV5,Menor en MASH
ENSG00000260314,792.5997378857918,0.20939235380742172,-10.14912397891128,3.34351110764946e-24,1.1910818385329143e-21,-1.8723549143470115,MRC1,MRC1,Menor en MASH
ENSG00000073754,1173.9028798878455,0.30320501655898435,-10.104416224116957,5.280914457818166e-24,1.8330189491149875e-21,-2.3914142279854866,CD5L,CD5L,Menor en MASH
ENSG00000145708,1073.8445105839608,0.16041670290433005,-10.088256340638251,6.2265692396739694e-24,2.107226694936663e-21,-1.4991449717889633,CRHBP,CRHBP,Menor en MASH
ENSG00000111775,689.1105061638183,0.13813811016823968,9.935733958815772,2.9102476108852095e-23,9.60878583135441e-21,1.2954310117961254,COX6A1,COX6A1,Mayor en MASH
ENSG00000092841,5819.340449798841,0.13051944026605683,9.910387502070748,3.7518815796485944e-23,1.2092671653262623e-20,1.2283089260750253,MYL6,MYL6,Mayor en MASH
ENSG00000122026,1771.6522398107577,0.14611935298775905,9.87845999746939,5.1620085754281536e-23,1.6250723275714166e-20,1.3532790455838744,RPL21,RPL21,Mayor en MASH
ENSG00000088827,305.9860841606689,0.2349504084719655,-9.855664922628598,6.478643941402769e-23,1.9932137053356657e-20,-1.9797235114174916,SIGLEC1,SIGLEC1,Menor en MASH
ENSG00000184545,39.784073674711124,0.3381299879802216,9.83296365658052,8.119351939235851e-23,2.442481493365238e-20,2.4292883336050175,DUSP8,DUSP8,Mayor en MASH
ENSG00000130772,156.99193555795696,0.11711256162629052,9.815712426342225,9.635494211361069e-23,2.8355583725911915e-20,1.1023234554037256,MED18,MED18,Mayor en MASH
ENSG00000153774,299.1744856022466,0.13059567661142416,9.77110846373395,1.4980399268738705e-22,4.3146737212960816e-20,1.2115084404962606,CFDP1,CFDP1,Mayor en MASH
ENSG00000129559,392.51091133678096,0.11270150229699684,9.627926565831046,6.094681655795524e-22,1.7188271994688333e-19,1.0438494033075452,NEDD8,NEDD8,Mayor en MASH
ENSG00000163682,2911.265401400844,0.15597271126395193,9.59145874577471,8.68483077885147e-22,2.3993174337410686e-19,1.3903582317936347,RPL9,RPL9,Mayor en MASH
ENSG00000164100,22.712702885153618,0.3121787271432619,-9.587871629282377,8.992073768244133e-22,2.4345140520144167e-19,-2.311177196301216,NDST3,NDST3,Menor en MASH
ENSG00000118257,253.3642176281082,0.1769328346936303,-9.564262524503983,1.1300423956090998e-21,2.999487041051056e-19,-1.5434801209174305,NRP2,NRP2,Menor en MASH
ENSG00000169744,217.54286649274226,0.15571550792478742,-9.534303830061946,1.5089456589536322e-21,3.9281918048567923e-19,-1.381254580987248,LDB2,LDB2,Menor en MASH
ENSG00000166136,289.29670508861847,0.14360914349690024,9.504678846659642,2.0066623182853367e-21,5.030405148634926e-19,1.2822321124665057,NDUFB8,NDUFB8,Mayor en MASH
ENSG00000175193,120.87963465350447,0.15344477927068476,9.48226119329239,2.488315038696821e-21,6.01505726407837e-19,1.3552608371045562,PARL,PARL,Mayor en MASH
ENSG00000124151,299.30499163338493,0.11800123803696412,-9.464108679168037,2.960752948153891e-21,7.031528536694601e-19,-1.0705541185499785,NCOA3,NCOA3,Menor en MASH
ENSG00000143947,4213.675370487823,0.12900899227923807,9.387022019364721,6.172061707553381e-21,1.416122022629663e-18,1.151321271613088,RPS27A,RPS27A,Mayor en MASH
ENSG00000064393,1866.1007480244962,0.11668051530154439,-9.374518340482995,6.949232853390026e-21,1.5678627522723464e-18,-1.0495122943121893,HIPK2,HIPK2,Menor en MASH
ENSG00000083168,416.3344408665983,0.11961501070859464,-9.356802577040783,8.218615841038104e-21,1.8238590596743084e-18,-1.0716716870875487,KAT6A,KAT6A,Menor en MASH
ENSG00000197728,1143.1774107544325,0.14918437921010044,9.334207838377658,1.017492468354446e-20,2.221579926470022e-18,1.3021201730108665,RPS26,RPS26,Mayor en MASH
ENSG00000105609,186.66607772996343,0.24244229665853204,-9.184583814197692,4.1312172143236315e-20,8.876871020682381e-18,-1.8856436122061702,LILRB5,LILRB5,Menor en MASH
ENSG00000182578,846.5196663398328,0.22706201662927564,-9.124788061712474,7.187675628620547e-20,1.520305702884943e-17,-1.7889207252002097,CSF1R,CSF1R,Menor en MASH
ENSG00000092068,194.4777165383541,0.18797399440572415,-9.119802432291605,7.526140404573225e-20,1.5674055793339655e-17,-1.5452632572669283,SLC7A8,SLC7A8,Menor en MASH
ENSG00000134769,57.55172676943956,0.32796345409538513,9.109066879493467,8.309354414191274e-20,1.7018135968225818e-17,2.2132769649903046,DTNA,DTNA,Mayor en MASH
ENSG00000006327,57.91189320608111,0.34904921018381463,9.038529451526006,1.5879354280894627e-19,3.115345201456095e-17,2.253040533478508,TNFRSF12A,TNFRSF12A,Mayor en MASH
ENSG00000181885,120.3616413494816,0.19409988049350266,9.020674155412575,1.869353331123662e-19,3.615062291917287e-17,1.5660447376522109,CLDN7,CLDN7,Mayor en MASH
ENSG00000186642,360.180570235018,0.17001155511627947,-8.99619323111345,2.336798228922175e-19,4.455385580974575e-17,-1.4043711030534245,PDE2A,PDE2A,Menor en MASH
ENSG00000141968,72.8688728377916,0.1916682692472235,-8.934839160154164,4.077709518227313e-19,7.359993833099085e-17,-1.5386074603984852,VAV1,VAV1,Menor en MASH
ENSG00000128052,819.2538395029271,0.2286604214628558,-8.902131433776335,5.478434170519315e-19,9.631371865755841e-17,-1.7540413052729658,KDR,KDR,Menor en MASH
ENSG00000142910,125.36383629939506,0.1759008908436882,-8.872769215131383,7.134909514798793e-19,1.2382726936132212e-16,-1.4250842040158336,TINAGL1,TINAGL1,Menor en MASH
ENSG00000166211,14.30454533407977,0.35223190799100773,-8.795344659848928,1.4260955745825378e-18,2.4436779484966857e-16,-2.265309617063628,SPIC,SPIC,Menor en MASH
ENSG00000171115,271.0227348573794,0.14319066717955334,-8.78786605599192,1.524275507514493e-18,2.5792646931529617e-16,-1.1833378932416239,GIMAP8,GIMAP8,Menor en MASH
ENSG00000131016,456.3341004696231,0.20417012246287045,-8.772866617726693,1.741743090081519e-18,2.9108612605473486e-16,-1.5874790629063618,AKAP12,AKAP12,Menor en MASH
ENSG00000165948,50.895148054647194,0.20918261106405153,8.75855899355754,1.9776221339076405e-18,3.2647647349643573e-16,1.610260662639732,IFI27L1,IFI27L1,Mayor en MASH
ENSG00000165457,239.96970243375995,0.2369141254728766,-8.727974330516961,2.5927447938431124e-18,4.228673045090869e-16,-1.7642097385440492,FOLR2,FOLR2,Menor en MASH
ENSG00000196498,840.3871540472652,0.12768136143621642,-8.720976785547851,2.758119866024573e-18,4.444841503139838e-16,-1.0599336893868163,NCOR2,NCOR2,Menor en MASH
ENSG00000129657,447.6586588362231,0.14899642186584172,-8.697663678091116,3.387868722540943e-18,5.395479870239617e-16,-1.212814187981942,SEC14L1,SEC14L1,Menor en MASH
ENSG00000169282,35.763176651443096,0.27297530133801506,-8.607344774105217,7.477230033222952e-18,1.1464953368241693e-15,-1.9104123661740855,KCNAB1,KCNAB1,Menor en MASH
ENSG00000129235,524.1410709680061,0.12872796851665708,8.578790179314975,9.58761822763598e-18,1.4262372301923984e-15,1.0501547923174974,TXNDC17,TXNDC17,Mayor en MASH
ENSG00000115541,741.5370177047379,0.14519747043909156,8.542519123589637,1.3132695846926963e-17,1.911583910536025e-15,1.1637709297874659,HSPE1,HSPE1,Mayor en MASH
ENSG00000140575,650.4221357758436,0.169315535631139,-8.518122262737876,1.6216096476883858e-17,2.3107084000797557e-15,-1.3250433999577353,IQGAP1,IQGAP1,Menor en MASH
ENSG00000134954,813.4135616629293,0.13215564623736073,-8.516907884423974,1.638697372873657e-17,2.310733993394864e-15,-1.067832001851754,ETS1,ETS1,Menor en MASH
ENSG00000189334,152.18516905697018,0.19764038891881033,8.49383863490664,1.9992183159668216e-17,2.790043128169367e-15,1.4953939232191993,S100A14,S100A14,Mayor en MASH
ENSG00000125551,91.72372915273264,0.22055987081562342,8.486803153031335,2.1239910026663824e-17,2.9339251227647772e-15,1.6237500651606331,PLGLB2,PLGLB2,Mayor en MASH
ENSG00000100292,927.3211586937292,0.19232237541252717,-8.47449315283892,2.3610522159332675e-17,3.228440792635216e-15,-1.4631644121572998,HMOX1,HMOX1,Menor en MASH
ENSG00000155659,363.6700799986361,0.2631369020323863,-8.453288546912955,2.832106097853558e-17,3.795863390756793e-15,-1.8359360126603768,VSIG4,VSIG4,Menor en MASH
ENSG00000135636,608.3138146117666,0.13905162465973353,-8.407255068163511,4.1971764928663226e-17,5.396208055786023e-15,-1.1031034758198224,DYSF,DYSF,Menor en MASH
ENSG00000042493,129.28078521170218,0.28764963197038157,8.406467546201585,4.22544178114293e-17,5.396208055786023e-15,1.912689594766566,CAPG,CAPG,Mayor en MASH
ENSG00000123700,27.292041169660365,0.3589649141984873,-8.378280651429147,5.370645944440216e-17,6.731706865730297e-15,-2.1513386152478047,KCNJ2,KCNJ2,Menor en MASH
ENSG00000205544,394.0722435283696,0.23945765109738423,8.337938753487403,7.559670943801937e-17,9.21939329425647e-15,1.689423665118847,TMEM256,TMEM256,Mayor en MASH
ENSG00000161970,1768.1564374618943,0.15197987115189818,8.333957715845681,7.818385788234667e-17,9.44977575136899e-15,1.1814259680210757,RPL26,RPL26,Mayor en MASH
ENSG00000082397,115.35129003929924,0.2261794400462266,-8.328749889363003,8.170046572839176e-17,9.787426589072914e-15,-1.6282582616794519,EPB41L3,EPB41L3,Menor en MASH
ENSG00000118640,1025.3634480642042,0.12672266701112614,8.298996060799666,1.0499485033864423e-16,1.2467677973984448e-14,1.0015731676316464,VAMP8,VAMP8,Mayor en MASH
ENSG00000143344,288.84375003190394,0.14352907214731286,-8.296835961234509,1.0692085452544016e-16,1.2585979197485944e-14,-1.119377005404929,RGL1,RGL1,Menor en MASH
ENSG00000037280,198.41970080600848,0.21746432310487465,-8.289354705631277,1.1386451184546644e-16,1.3287792214242063e-14,-1.5725857545729878,FLT4,FLT4,Menor en MASH
ENSG00000196683,1242.868724400713,0.1456126557594785,8.253470070526657,1.5386041963585177e-16,1.765091949669937e-14,1.1272689856240805,TOMM7,TOMM7,Mayor en MASH
ENSG00000139567,99.13885460934324,0.18222705039693168,-8.224461193633305,1.9607026198336723e-16,2.2304228037553297e-14,-1.3594746535641682,ACVRL1,ACVRL1,Menor en MASH
ENSG00000121851,315.7529581431774,0.13810903954499787,8.209527637940507,2.220603487797502e-16,2.5050257845262323e-14,1.070093672328361,POLR3GL,POLR3GL,Mayor en MASH
ENSG00000074410,28.480811132781504,0.5356206101248018,8.196104075820806,2.483033728499121e-16,2.777919634933273e-14,2.1450814019751494,CA12,CA12,Mayor en MASH
ENSG00000187630,543.1311023092226,0.15521219854986634,8.173658285360757,2.9917641032874414e-16,3.319632021819844e-14,1.1799981071418961,DHRS4L2,DHRS4L2,Mayor en MASH
ENSG00000175093,9.092142911813529,0.40707278013612386,-8.13721037586311,4.044895183773413e-16,4.451686675019569e-14,-2.255495651573913,SPSB4,SPSB4,Menor en MASH
ENSG00000153037,98.05247866366773,0.13824594978664198,8.133981067378178,4.1541745515603237e-16,4.535085556812266e-14,1.0610285954406715,SRP19,SRP19,Mayor en MASH
ENSG00000101247,99.04323767696644,0.13126238208548258,8.132022560517688,4.2218621968489607e-16,4.5721078846995506e-14,1.0129914761995715,NDUFAF5,NDUFAF5,Mayor en MASH
ENSG00000006625,131.8246789063864,0.148836792753638,8.12983715157273,4.298675350868557e-16,4.618346684500607e-14,1.1315281572848106,GGCT,GGCT,Mayor en MASH
ENSG00000177807,54.04333728225168,0.4031854554882203,-8.116670432379347,4.791476530825539e-16,5.1072612439201036e-14,-2.1801003739968174,KCNJ10,KCNJ10,Menor en MASH
ENSG00000120156,201.89050932282618,0.14018274848544868,-8.098301330166343,5.57318854261229e-16,5.803404100103274e-14,-1.0701243735332893,TEK,TEK,Menor en MASH
ENSG00000125977,751.3818900073368,0.13501244069511553,8.086965072860949,6.116979859783191e-16,6.273148209233717e-14,1.0331584723540905,EIF2S2,EIF2S2,Mayor en MASH
ENSG00000162512,909.3103478175686,0.17279109289436234,-8.039033483356793,9.05498373746528e-16,9.013037856916727e-14,-1.2718498824630575,SDC3,SDC3,Menor en MASH
ENSG00000161929,109.66742734850445,0.2101291762706427,-8.020922070901845,1.0495430088765094e-15,1.0370557453402413e-13,-1.484043579001682,SCIMP,SCIMP,Menor en MASH
ENSG00000038358,123.91061984140462,0.18716992964212284,-8.01009660660073,1.146183715347114e-15,1.124339779322745e-13,-1.3535567258856147,EDC4,EDC4,Menor en MASH
ENSG00000187210,42.18136668541076,0.2341974437543274,-7.998335436536992,1.2611242469839977e-15,1.228189851181466e-13,-1.6015732462979593,GCNT1,GCNT1,Menor en MASH
ENSG00000165168,589.6238562115063,0.2306849869302377,-7.942352793986433,1.9838172721683937e-15,1.891192564319968e-13,-1.5744785235222651,CYBB,CYBB,Menor en MASH
ENSG00000136011,761.5444240568764,0.28944989919528047,-7.9402816530157585,2.017226634236723e-15,1.9095941921442323e-13,-1.8288398655253273,STAB2,STAB2,Menor en MASH
ENSG00000092421,188.5804256494559,0.16798234845255827,-7.928617447573187,2.2159902365114156e-15,2.0831847105315995e-13,-1.224489555520099,SEMA6A,SEMA6A,Menor en MASH
ENSG00000090659,143.15702446718026,0.3119118023584467,-7.923905456871603,2.3016465047226133e-15,2.1487854299606908e-13,-1.905941789613094,CD209,CD209,Menor en MASH
ENSG00000182782,13.593964273189018,0.3722621720629996,-7.902277296105006,2.738533392785097e-15,2.521872553614412e-13,-2.080764881261642,HCAR2,HCAR2,Menor en MASH
ENSG00000110841,463.5970963075707,0.14058175054405642,-7.886998137179864,3.095420279229106e-15,2.8312638054002974e-13,-1.0445507619904864,PPFIBP1,PPFIBP1,Menor en MASH
ENSG00000153162,32.83397209207695,0.2258683702922692,-7.88007897338456,3.2717422790002507e-15,2.9724547134782814e-13,-1.5398081097250893,BMP6,BMP6,Menor en MASH
ENSG00000134531,77.99032551876101,0.25488281567481724,7.87458367789349,3.418793330378833e-15,3.0853470208892174e-13,1.6661588630675026,EMP1,EMP1,Mayor en MASH
ENSG00000160179,174.80859883676706,0.19542351805498015,-7.867683623923642,3.612677849192337e-15,3.217422371349781e-13,-1.376112269732871,ABCG1,ABCG1,Menor en MASH
ENSG00000105393,202.02532964940752,0.16189075796627597,7.840087538624442,4.502324479929127e-15,3.9576601613506884e-13,1.1731631058636767,BABAM1,BABAM1,Mayor en MASH
ENSG00000173486,1217.3700204310655,0.18406592541105354,7.826578845447275,5.0132495380415124e-15,4.322570636717704e-13,1.3025805623546454,FKBP2,FKBP2,Mayor en MASH
ENSG00000182718,971.2012581318608,0.19129948259214424,7.81704589319074,5.4077392230918874e-15,4.633200371075626e-13,1.3416799771685406,ANXA2,ANXA2,Mayor en MASH
ENSG00000013016,501.7345158220794,0.2068605259572093,-7.803228074328368,6.034334873567764e-15,5.137534036697284e-13,-1.4262820467711192,EHD3,EHD3,Menor en MASH
ENSG00000161921,626.1062819228223,0.13577726676882518,-7.792011700772032,6.59506245048799e-15,5.579835024515996e-13,-1.0009726298813069,CXCL16,CXCL16,Menor en MASH
ENSG00000168546,43.983196024424565,0.3194965720051396,-7.788414703922493,6.7855154875061195e-15,5.705311997165859e-13,-1.9004224514395371,GFRA2,GFRA2,Menor en MASH
ENSG00000164611,17.86712413940415,0.27177918130222245,7.778716918675178,7.326379390901451e-15,6.122049247816849e-13,1.7202412506711307,PTTG1,PTTG1,Mayor en MASH
ENSG00000104880,29.41067753914163,0.23125078082145145,-7.767571303294966,8.000530367281361e-15,6.603852413529743e-13,-1.545819147741188,ARHGEF18,ARHGEF18,Menor en MASH
ENSG00000127329,419.3924704984273,0.1693617256997145,-7.741876159035451,9.796038325283831e-15,7.925816062756923e-13,-1.20413671250268,PTPRB,PTPRB,Menor en MASH
ENSG00000173898,1068.7350170350578,0.15277581763930312,-7.720626770425794,1.1575905524343448e-14,9.217825475472778e-13,-1.100113018756156,SPTBN2,SPTBN2,Menor en MASH
ENSG00000164406,2541.6623182875505,0.18113637073730762,7.69964979278178,1.3643964509338766e-14,1.080107295689584e-12,1.264897833269094,LEAP2,LEAP2,Mayor en MASH
ENSG00000126267,1585.4713498766355,0.1404845930451428,7.669215127461522,1.7305198462058224e-14,1.331025406709558e-12,1.0150006516806356,COX6B1,COX6B1,Mayor en MASH
ENSG00000157570,137.41861926036452,0.177900629414804,-7.653157324572855,1.9610374927166643e-14,1.4998059061528522e-12,-1.2407038231708578,TSPAN18,TSPAN18,Menor en MASH
ENSG00000166341,168.54873749489028,0.2083973228414979,-7.642151426099842,2.136217262320619e-14,1.6155292223482805e-12,-1.4046820915983609,DCHS1,DCHS1,Menor en MASH
ENSG00000263001,372.699425349734,0.14931395498046673,-7.632876787501358,2.29572272976237e-14,1.7169722979443758e-12,-1.066016041569223,GTF2I,GTF2I,Menor en MASH
ENSG00000121716,12.202633714536116,0.5262278232407511,7.630930037575265,2.3306614409403248e-14,1.724052673552414e-12,2.9316349299240105,PILRB,PILRB,Mayor en MASH
ENSG00000162772,54.450793549918046,0.18112019252472228,7.627033580881191,2.4021703476936983e-14,1.7672923911266084e-12,1.2535801541579052,ATF3,ATF3,Mayor en MASH
ENSG00000257727,185.59037976936233,0.16045873621200893,7.6105099547496735,2.7301653728517334e-14,1.9870026157147266e-12,1.1301112322569273,CNPY2,CNPY2,Mayor en MASH
ENSG00000169288,293.01729713811045,0.16464800371034602,7.606568874109918,2.8146826279416804e-14,2.0375592906121136e-12,1.1546855714051787,MRPL1,MRPL1,Mayor en MASH
ENSG00000185088,796.1244690282367,0.16728449142237534,7.6054725421583544,2.8386476968588956e-14,2.043977333637174e-12,1.1700427679387868,RPS27L,RPS27L,Mayor en MASH
ENSG00000129474,490.3426252217465,0.1673438264103321,7.604324051397046,2.863968155722396e-14,2.0463033310116153e-12,1.1703568621973766,AJUBA,AJUBA,Mayor en MASH
ENSG00000164867,109.42674987231003,0.19253708731887223,-7.597052733136121,3.0295110923724065e-14,2.1471461600756685e-12,-1.3126515871297157,NOS3,NOS3,Menor en MASH
ENSG00000159450,12.205062910120988,0.37414185102426606,-7.592712684665731,3.132766775255693e-14,2.2087637414914745e-12,-2.0038603156896335,TCHH,TCHH,Menor en MASH
ENSG00000095970,35.203505833059275,0.4575232024578143,7.584041574027221,3.349537529828912e-14,2.3493621523986517e-12,2.0201230718617467,TREM2,TREM2,Mayor en MASH
ENSG00000115129,171.20664465517044,0.2290680430578931,7.581327519932047,3.4203693482825586e-14,2.3866773127680923e-12,1.4906105740113016,TP53I3,TP53I3,Mayor en MASH
ENSG00000100902,36.14767969022181,0.17919195920677086,7.57306847530263,3.645100420317059e-14,2.5175369586648995e-12,1.2338140011459706,PSMA6,PSMA6,Mayor en MASH
ENSG00000139329,331.0344723699272,0.18953297931239316,7.5700742832304915,3.7301087162850466e-14,2.5631716595101864e-12,1.289793674346239,LUM,LUM,Mayor en MASH
ENSG00000110324,186.40567191526554,0.1996668273902971,-7.528626378652085,5.127687376502809e-14,3.419384434271848e-12,-1.3386731227301367,IL10RA,IL10RA,Menor en MASH
ENSG00000154096,118.00437865942234,0.2798555374196381,7.528694635762252,5.1250080598770286e-14,3.419384434271848e-12,1.6869576597877505,THY1,THY1,Mayor en MASH
ENSG00000234906,51.95002347810451,0.16961341544912562,7.485074045669025,7.150680945164875e-14,4.609465140699853e-12,1.1645919604226984,APOC2,APOC2,Mayor en MASH
ENSG00000265681,15.672071559750057,0.2610327539511528,7.45387949681065,9.063478677095092e-14,5.7332855538241246e-12,1.6046087654534151,RPL17,RPL17,Mayor en MASH
ENSG00000072571,16.23546039834903,0.29485907954820667,7.436726804558538,1.0321069063633381e-13,6.46834777381505e-12,1.7236821557790893,HMMR,HMMR,Mayor en MASH
ENSG00000167601,387.7800875471645,0.21002738749882638,-7.435473690318275,1.0419390483059075e-13,6.470059127026179e-12,-1.3748668595714544,AXL,AXL,Menor en MASH
ENSG00000133985,64.02349765813545,0.36955190135946436,7.428105185383939,1.1016434198630192e-13,6.747939807550087e-12,1.8943435644616753,TTC9,TTC9,Mayor en MASH
ENSG00000205765,206.8337743622727,0.14459879260951253,-7.4169324009135,1.1986408458879563e-13,7.309009518371741e-12,-1.0073627450250517,RIMOC1,RIMOC1,Menor en MASH
ENSG00000106066,468.76064586899844,0.22221501354562923,-7.408700973037514,1.2754252110042023e-13,7.707781732751736e-12,-1.4294347578842397,CPVL,CPVL,Menor en MASH
ENSG00000156510,50.67591396460932,0.5869898048187594,7.400642798612187,1.3552684065559596e-13,8.153897075354677e-12,1.8213339568571256,HKDC1,HKDC1,Mayor en MASH
ENSG00000043462,204.64907945311546,0.1850922828186806,-7.386623894505748,1.5060381731861887e-13,8.902724345162199e-12,-1.2360285973171619,LCP2,LCP2,Menor en MASH
ENSG00000240303,29.66415292256788,0.23360520426239975,-7.3807232125139555,1.5743199459585231e-13,9.265899612365448e-12,-1.476020378655071,ACAD11,ACAD11,Menor en MASH
ENSG00000203747,626.4434742115658,0.20441355928022387,-7.3757387466313515,1.634362301204067e-13,9.577646091514916e-12,-1.3356943126198562,FCGR3A,FCGR3A,Menor en MASH
ENSG00000187288,13.734259704718049,0.4774717846832301,7.366834199924941,1.7472756767284127e-13,1.0195202946496778e-11,2.0081422616387066,CIDEC,CIDEC,Mayor en MASH
ENSG00000163918,51.505608853520044,0.14776536367263693,7.316103440054529,2.552749153713704e-13,1.4519451533964542e-11,1.0121193843109413,RFC4,RFC4,Mayor en MASH
ENSG00000140848,161.26069446857198,0.14819618053731573,-7.308661945712821,2.6981562367520063e-13,1.5155577168843116e-11,-1.0144045959526757,CPNE2,CPNE2,Menor en MASH
ENSG00000182566,779.8667638922233,0.18209114565612544,-7.302831612791427,2.817737376902643e-13,1.576186399633516e-11,-1.206221222601611,CLEC4G,CLEC4G,Menor en MASH
ENSG00000159884,161.49653335144262,0.14734068085601065,7.290227164103399,3.0943283824441706e-13,1.7167181685715876e-11,1.0060720110608428,CCDC107,CCDC107,Mayor en MASH
ENSG00000159363,129.72999198603017,0.17106153564998727,-7.2890087406442765,3.1224379756147864e-13,1.7252425663631576e-11,-1.1434571313212163,ATP13A2,ATP13A2,Menor en MASH
ENSG00000164619,135.40284037066624,0.172188607103133,-7.286262931830088,3.1867077125916427e-13,1.753596028672889e-11,-1.149394856159281,BMPER,BMPER,Menor en MASH
ENSG00000074527,282.13642147826556,0.16884493430354122,-7.274759159592719,3.470390327095206e-13,1.886693729232442e-11,-1.1288304451193667,NTN4,NTN4,Menor en MASH
ENSG00000184574,28.44897684984895,0.2464112359455662,-7.262172827438105,3.809210489495484e-13,2.062611295852015e-11,-1.5080179574313783,LPAR5,LPAR5,Menor en MASH
ENSG00000105426,211.65027074390875,0.3250780217727738,-7.2446674350807685,4.3350157542140563e-13,2.2923089165935814e-11,-1.7804035458372929,PTPRS,PTPRS,Menor en MASH
ENSG00000165449,30.271881666305546,0.3274079713731074,-7.204436148003291,5.828452679250867e-13,3.022979460498812e-11,-1.7747736525410345,SLC16A9,SLC16A9,Menor en MASH
ENSG00000079931,26.221083209792706,0.28743834414973374,7.158549206633872,8.153532218546965e-13,4.165070401602652e-11,1.6335986318694302,MOXD1,MOXD1,Mayor en MASH
ENSG00000008869,155.1156170771205,0.14990604630810386,-7.152130387147426,8.544135120412337e-13,4.331908506555124e-11,-1.0018941256751535,HEATR5B,HEATR5B,Menor en MASH
ENSG00000178502,11.498208001124457,0.4458976091766773,-7.129852623034774,1.0047645132454604e-12,5.00055044698669e-11,-2.0030204823484783,KLHL11,KLHL11,Menor en MASH
ENSG00000115380,72.17798043267658,0.298041520156888,7.118208556719488,1.0933884164475599e-12,5.401897442865189e-11,1.6536881944343245,EFEMP1,EFEMP1,Mayor en MASH
ENSG00000134516,123.50056429195932,0.21480988142310914,-7.09490298063831,1.2944226080928394e-12,6.28050137840601e-11,-1.33444623983618,DOCK2,DOCK2,Menor en MASH
ENSG00000168918,161.26466764102958,0.15806062133439364,-7.089319262276657,1.347732859800758e-12,6.51580704397245e-11,-1.0399848613749705,INPP5D,INPP5D,Menor en MASH
ENSG00000105339,60.186928279739234,0.17689699221035074,-7.082931697303741,1.4113624995657986e-12,6.79915094541716e-11,-1.1413986753436616,DENND3,DENND3,Menor en MASH
ENSG00000138131,63.42815966951959,0.28718541521682756,7.0768850034016735,1.4743077392203682e-12,7.077199952420611e-11,1.610536784206743,LOXL4,LOXL4,Mayor en MASH
ENSG00000111816,845.2516896850914,0.1535304022813037,-7.073033771232562,1.515825780151494e-12,7.250789252972006e-11,-1.0120582788538717,FRK,FRK,Menor en MASH
ENSG00000069122,237.18014814592013,0.17087176949540248,-7.072177016923063,1.525216797622633e-12,7.270021052611825e-11,-1.1080426507398038,ADGRF5,ADGRF5,Menor en MASH
ENSG00000102452,17.272248826074502,0.29157310019038424,7.068649570496326,1.5644866577957e-12,7.40505450579734e-11,1.62857669923401,NALCN,NALCN,Mayor en MASH
ENSG00000149636,96.7563479580747,0.15398958563185902,7.054462035345942,1.7326974908444104e-12,8.17265711970759e-11,1.010960827891,DSN1,DSN1,Mayor en MASH
ENSG00000079819,356.73482734532763,0.19077747359313482,-7.04747233552864,1.8219703413862475e-12,8.534260384548662e-11,-1.208703856452604,EPB41L2,EPB41L2,Menor en MASH
ENSG00000176890,72.65305803984191,0.2649955154409862,7.031791093519165,2.0389893820719342e-12,9.485154386634974e-11,1.5248424802270497,TYMS,TYMS,Mayor en MASH
ENSG00000272398,184.89179671036987,0.2930186116766746,7.001025147975048,2.5409632498796613e-12,1.169057608482576e-10,1.6099103166090678,CD24,CD24,Mayor en MASH
ENSG00000010327,1037.8001798430087,0.2394736053706941,-6.986135345833165,2.8256150061691903e-12,1.2792759310539242e-10,-1.42182010390787,STAB1,STAB1,Menor en MASH
ENSG00000115009,7.468110364637942,0.7508291170565377,6.982938892137628,2.8906816931589257e-12,1.301581024099155e-10,1.994959760254369,CCL20,CCL20,Mayor en MASH
ENSG00000074803,17.621030572257773,0.5904056364968223,6.98277235855691,2.8941116071053088e-12,1.301581024099155e-10,1.8133287766199715,SLC12A1,SLC12A1,Mayor en MASH
ENSG00000104435,23.137014586287737,0.7190829178743682,6.94581188898807,3.762899006510713e-12,1.65816902688689e-10,1.5620365192525991,STMN2,STMN2,Mayor en MASH
ENSG00000129965,456.7273192787953,0.21715593420610152,-6.945943926914826,3.7593807914788705e-12,1.65816902688689e-10,-1.3166302901066018,INS-IGF2,INS-IGF2,Menor en MASH
ENSG00000174837,44.23673342263078,0.38158954259079697,-6.94544313206559,3.772741820796056e-12,1.65816902688689e-10,-1.8352810654220104,ADGRE1,ADGRE1,Menor en MASH
ENSG00000110077,778.9754844516088,0.17233422670061604,-6.944385661096543,3.801107903350087e-12,1.6598579899241974e-10,-1.0961833176552471,MS4A6A,MS4A6A,Menor en MASH
ENSG00000113555,154.5046499573961,0.2033902924164407,-6.942606084005757,3.849316833352915e-12,1.675504886594804e-10,-1.2527496107867397,PCDH12,PCDH12,Menor en MASH
ENSG00000117399,14.321262855009838,0.3366736476123406,6.868717765944315,6.4781526264687405e-12,2.757696607059979e-10,1.7062569602613262,CDC20,CDC20,Mayor en MASH
ENSG00000174600,136.1348237116415,0.19218744010145206,-6.864723443591615,6.662018851017822e-12,2.8094625914712854e-10,-1.1842734836824227,CMKLR1,CMKLR1,Menor en MASH
ENSG00000254415,22.264518656567965,0.36177858710639427,-6.850986735324153,7.334231754880672e-12,3.0737924230903917e-10,-1.778443773052112,SIGLEC14,SIGLEC14,Menor en MASH
ENSG00000161640,27.010394192208224,0.2663477757347984,-6.832150230703386,8.365117785538085e-12,3.462954112013121e-10,-1.4927676464595245,SIGLEC11,SIGLEC11,Menor en MASH
ENSG00000168000,23.329111328399293,0.22278591479653817,-6.8289470624888695,8.554012966313778e-12,3.519625335106067e-10,-1.3184792812652035,BSCL2,BSCL2,Menor en MASH
ENSG00000136250,153.6278735456491,0.21582322901613563,-6.822298955436394,8.959496857407258e-12,3.6531538842988565e-10,-1.287835565780507,AOAH,AOAH,Menor en MASH
ENSG00000171863,2473.9075994778773,0.1630406958519648,6.8186261482940935,9.191524588575016e-12,3.725319411842515e-10,1.0266255840612677,RPS7,RPS7,Mayor en MASH
ENSG00000172428,218.32111252974377,0.1583804260486518,6.817001835024301,9.296007765715295e-12,3.7564196156563566e-10,1.0011966684057036,COPS9,COPS9,Mayor en MASH
ENSG00000134597,157.03032825030027,0.19321762783583185,6.7928085262168185,1.099712970362174e-11,4.327562348776962e-10,1.1751428508926762,RBMX2,RBMX2,Mayor en MASH
ENSG00000021826,35932.089925137945,0.1823681566922306,-6.781128881770103,1.1924044199478355e-11,4.665196136657182e-10,-1.121461659715495,CPS1,CPS1,Menor en MASH
ENSG00000138411,129.96598684184582,0.21286492220419012,-6.778837423666729,1.2114675684628887e-11,4.726120021406952e-10,-1.2653140506289027,HECW2,HECW2,Menor en MASH
ENSG00000175445,43.07134180223835,0.5882919191362532,6.766305689656236,1.3211226312822362e-11,5.109724874190752e-10,1.6952430072195632,LPL,LPL,Mayor en MASH
ENSG00000174307,60.84421045542361,0.3461464482095458,6.74798686304734,1.4991051672455723e-11,5.700208033541716e-10,1.6811627482053098,PHLDA3,PHLDA3,Mayor en MASH
ENSG00000076067,136.20641331487266,0.17876034857210482,-6.748298275797848,1.495891879261674e-11,5.700208033541716e-10,-1.0978243153327094,RBMS2,RBMS2,Menor en MASH
ENSG00000107736,273.9374891982297,0.18177483721986373,-6.734117010037958,1.6492841643992762e-11,6.201766592631389e-10,-1.1103944491283113,CDH23,CDH23,Menor en MASH
ENSG00000159189,1941.3764698911825,0.26435476610678005,-6.732646142779449,1.666049059769941e-11,6.235104720535203e-10,-1.4655992157740712,C1QC,C1QC,Menor en MASH
ENSG00000123975,62.114273729310256,0.20840155704659286,6.713787577096679,1.896363228589309e-11,6.994841696297949e-10,1.231822332693957,CKS2,CKS2,Mayor en MASH
ENSG00000119771,21.298644442808172,0.36357827230203404,6.712440707801346,1.9139558594819253e-11,7.040549040708376e-10,1.702410947662224,KLHL29,KLHL29,Mayor en MASH
ENSG00000131174,1159.448918035901,0.17141921517049427,6.646525202122856,3.0009308721932836e-11,1.074698444891018e-9,1.0435860796180514,COX7B,COX7B,Mayor en MASH
ENSG00000178607,307.6191486325808,0.16786969294900136,-6.644298573274787,3.0466443293668835e-11,1.0881906144232058e-9,-1.0255506932796468,ERN1,ERN1,Menor en MASH
ENSG00000153140,77.37763671327501,0.16613148041800507,6.625411864706269,3.462812956115004e-11,1.227712156500073e-9,1.0135548470651252,CETN3,CETN3,Mayor en MASH
ENSG00000164687,17.097080970624816,0.3645273996540572,6.617473103450069,3.6539067049728724e-11,1.2880972673233794e-9,1.6937659208777744,FABP5,FABP5,Mayor en MASH
ENSG00000148444,154.25156203120045,0.16848221594079155,6.554462475208621,5.584265453734001e-11,1.9089444809898274e-9,1.0140077650312556,COMMD3,COMMD3,Mayor en MASH
ENSG00000180644,95.09891093649958,0.20669478442086414,-6.545540842574377,5.928045389002488e-11,2.0162801615810725e-9,-1.1952858614451063,PRF1,PRF1,Menor en MASH
ENSG00000106178,17.677646785249802,0.4391311055549575,-6.538072147762301,6.231686351640091e-11,2.108958453553798e-9,-1.8164589101598103,CCL24,CCL24,Menor en MASH
ENSG00000217555,22.72783894915145,0.23221715526447287,6.529426728034315,6.602190007567786e-11,2.2177133035346184e-9,1.2968381637170177,CKLF,CKLF,Mayor en MASH
ENSG00000196154,161.0043421770144,0.22201587488964675,6.52593714116982,6.757765860884746e-11,2.26435337769299e-9,1.2545394696359806,S100A4,S100A4,Mayor en MASH
ENSG00000240583,417.2034749303246,0.23736976127360765,6.520907531794403,6.988325900164431e-11,2.330073096318372e-9,1.3149993451615563,AQP1,AQP1,Mayor en MASH
ENSG00000084636,47.10680845638706,0.2630940027734097,6.502102592849362,7.920505073022468e-11,2.6215128893277543e-9,1.4047336173940836,COL16A1,COL16A1,Mayor en MASH
ENSG00000164692,1540.7461786492372,0.24190230560385215,6.500992990086853,7.979155040745398e-11,2.6280735227876024e-9,1.3279167771679354,COL1A2,COL1A2,Mayor en MASH
ENSG00000111057,3979.731467314837,0.2058569931252274,6.494396886140909,8.336670571618737e-11,2.7259301818358172e-9,1.1802982341080557,KRT18,KRT18,Mayor en MASH
ENSG00000131747,60.40497763413324,0.3904592004002281,6.484159485021759,8.922779872681323e-11,2.9035497869347855e-9,1.6864669606659237,TOP2A,TOP2A,Mayor en MASH
ENSG00000135127,20.403575138570986,0.31151003370553076,6.481005242702335,9.111350560719821e-11,2.9578022191957846e-9,1.5439296630985808,BICDL1,BICDL1,Mayor en MASH
ENSG00000167105,36.56549976344548,0.5741532460048114,6.479748892851351,9.187539360638129e-11,2.975400007774123e-9,1.6615744265211991,TMEM92,TMEM92,Mayor en MASH
ENSG00000197461,67.82579829348518,0.2972638855219694,6.465254751495035,1.0112829357008668e-10,3.26724035813428e-9,1.5005673883447757,PDGFA,PDGFA,Mayor en MASH
ENSG00000170006,178.3908357774236,0.2743484679756452,6.457264084534209,1.0661276370509118e-10,3.436230910180522e-9,1.430776826570247,TMEM154,TMEM154,Mayor en MASH
ENSG00000089685,21.1347208661173,0.3347606979710234,6.448946365014897,1.1263041023443919e-10,3.6044393932472894e-9,1.592980343739556,BIRC5,BIRC5,Mayor en MASH
ENSG00000170421,6315.274237885741,0.186118436316738,6.442970812171051,1.1715723324441878e-10,3.731664626893405e-9,1.0820562649089345,KRT8,KRT8,Mayor en MASH
ENSG00000182224,16.063961557777933,0.25158568278705506,-6.440697661618406,1.1892556362470895e-10,3.779097076966397e-9,-1.359433664682492,CYB5D1,CYB5D1,Menor en MASH
ENSG00000105246,37.48169388577636,0.26220371995353203,-6.431531361927151,1.2632471026617987e-10,3.995461688956255e-9,-1.3916234665340574,EBI3,EBI3,Menor en MASH
ENSG00000181804,136.37969419309232,0.21498549906813874,-6.429977042005205,1.2762321947526838e-10,4.017757027992345e-9,-1.2101955915996319,SLC9A9,SLC9A9,Menor en MASH
ENSG00000175197,91.69865386945698,0.17430409115020687,6.42782791498302,1.294401534120615e-10,4.065501987793681e-9,1.023256088760142,DDIT3,DDIT3,Mayor en MASH
ENSG00000134061,64.3490536657994,0.1959806991496165,-6.424540328198816,1.3226859318959712e-10,4.1447220972397595e-9,-1.1259960916403924,CD180,CD180,Menor en MASH
ENSG00000171612,65.40649341721112,0.2354276397070519,6.423997679532422,1.3274122702138269e-10,4.149926074338239e-9,1.2887521543867122,SLC25A33,SLC25A33,Mayor en MASH
ENSG00000106804,10905.310889421413,0.19428747156363,-6.422524755098847,1.3403244459105572e-10,4.180638715274473e-9,-1.1175993833094116,C5,C5,Menor en MASH
ENSG00000080824,9955.472982271947,0.22497829200783215,6.417149235833168,1.3884979733951695e-10,4.301166376624808e-9,1.2457304302262988,HSP90AA1,HSP90AA1,Mayor en MASH
ENSG00000186198,13.743620856212164,0.52773621039762,6.413355791058519,1.4235076944114408e-10,4.3895270294413835e-9,1.7360543671601092,SLC51B,SLC51B,Mayor en MASH
ENSG00000160111,31.70683945026714,0.34548110881714406,-6.407211618077142,1.4820504997718468e-10,4.549323722315531e-9,-1.6206937575304068,CPAMD8,CPAMD8,Menor en MASH
ENSG00000131503,24.27672152140637,0.3909693600213641,6.404084070218768,1.5127474407450613e-10,4.633045725195904e-9,1.6648966336846514,ANKHD1,ANKHD1,Mayor en MASH
ENSG00000134955,111.22280347812955,0.21999858867259794,-6.389673975482209,1.6623980507867314e-10,5.057052227752806e-9,-1.2236463931297483,SLC37A2,SLC37A2,Menor en MASH
ENSG00000269858,79.60112063129036,0.21551117772432168,6.379201343379356,1.780138726841123e-10,5.378959362778634e-9,1.1984164499205836,EGLN2,EGLN2,Mayor en MASH
ENSG00000163923,21.02706112797492,0.2727007501166489,6.369294820719784,1.8989927111112113e-10,5.687315117325767e-9,1.4084237607572037,RPL39L,RPL39L,Mayor en MASH
ENSG00000172493,689.7525680209354,0.1921822976357524,-6.361003317488507,2.0044011517138697e-10,5.963423822143001e-9,-1.0970848186984112,AFF1,AFF1,Menor en MASH
ENSG00000171848,38.79108084156694,0.3275945321182255,6.354461658259722,2.0915780623728996e-10,6.1955562867269024e-9,1.550756421958063,RRM2,RRM2,Mayor en MASH
ENSG00000163823,104.06191395697877,0.2270424438479472,-6.347979233612464,2.1816152239375877e-10,6.420114192705027e-9,-1.2446506035258709,CCR1,CCR1,Menor en MASH
ENSG00000184634,206.23652739550855,0.18593888583386495,-6.3441059393418175,2.2372084438189603e-10,6.569433992185958e-9,-1.0655643102180101,MED12,MED12,Menor en MASH
ENSG00000143387,49.25431732077879,0.20985532872893747,6.331512698640279,2.427691855864473e-10,7.082686347594261e-9,1.16827160755531,CTSK,CTSK,Mayor en MASH
ENSG00000173369,1762.7871205205035,0.2741285830407166,-6.326950922439627,2.5005284032577895e-10,7.263874033240493e-9,-1.4095753467201089,C1QB,C1QB,Menor en MASH
ENSG00000180389,18.710609164025282,0.2800530339071796,-6.316060799098852,2.683145242603243e-10,7.74450685482305e-9,-1.418829096346148,NA,ENSG00000180389,Menor en MASH
ENSG00000183023,108.65050569793553,0.2211076781268394,-6.2983082523418545,3.009116569641399e-10,8.543164518212112e-9,-1.2092387068330788,SLC8A1,SLC8A1,Menor en MASH
ENSG00000160339,854.1223220900845,0.2011798843953193,-6.298245525474192,3.010334250710776e-10,8.543164518212112e-9,-1.1264405821806203,FCN2,FCN2,Menor en MASH
ENSG00000145050,481.980428918248,0.21552712272813354,6.292486807665346,3.124198872998427e-10,8.829286042542737e-9,1.1839215275731123,MANF,MANF,Mayor en MASH
ENSG00000118785,303.96227581436597,0.43391738100801686,6.291576191037187,3.1425850185271924e-10,8.862744457458876e-9,1.664298491430343,SPP1,SPP1,Mayor en MASH
ENSG00000106624,608.3756973134132,0.22230669091427352,6.290610680178016,3.162194924355945e-10,8.899507835968073e-9,1.2107870287197189,AEBP1,AEBP1,Mayor en MASH
ENSG00000165757,105.85620636980894,0.1833526307639981,-6.277519164294022,3.4401787202138477e-10,9.601999862996878e-9,-1.0429065193981248,JCAD,JCAD,Menor en MASH
ENSG00000169245,217.25098147587798,0.33185922574749804,6.274010382582754,3.5186502914046446e-10,9.800816665585323e-9,1.5362616595275789,CXCL10,CXCL10,Mayor en MASH
ENSG00000176788,168.77383477702372,0.24333821518880683,-6.268890017743618,3.6363084357778133e-10,1.0087030183427102e-8,-1.2907770506987417,BASP1,BASP1,Menor en MASH
ENSG00000157510,100.74546317043385,0.22793048864104914,-6.2539294386458035,4.002519055406566e-10,1.0945878879401756e-08,-1.2292596811426386,AFAP1L1,AFAP1L1,Menor en MASH
ENSG00000165288,114.80637768672504,0.19315943703352836,-6.2364645379717425,4.475707156979366e-10,1.2045258008753415e-8,-1.0794619975235544,BRWD3,BRWD3,Menor en MASH
ENSG00000235568,108.07262533064777,0.22638625733952553,-6.230415383159692,4.6520004393359255e-10,1.2494867053033814e-8,-1.2190964316779336,NFAM1,NFAM1,Menor en MASH
ENSG00000123500,13.704697230490721,0.7219199798584358,6.225166554212026,4.810447061982535e-10,1.2843988536106032e-8,1.4838557314429284,COL10A1,COL10A1,Mayor en MASH
ENSG00000152818,490.12261094348344,0.1907702677741741,-6.222698017731912,4.88677416300615e-10,1.3022098788309892e-8,-1.0665087450750586,UTRN,UTRN,Menor en MASH
ENSG00000165029,773.2517442365737,0.2121888539718659,-6.219001447899573,5.003286907245154e-10,1.3306384059602681e-8,-1.1584632746300507,ABCA1,ABCA1,Menor en MASH
ENSG00000147223,19.250030312178026,0.308008292705338,6.2037973455024344,5.511675234807373e-10,1.4544161335981953e-8,1.472646115502918,RIPPLY1,RIPPLY1,Mayor en MASH
ENSG00000213923,88.22704161565177,0.19510860790647946,6.203296979441214,5.52923562737649e-10,1.4562113363384347e-8,1.0809322927205476,CSNK1E,CSNK1E,Mayor en MASH
ENSG00000121769,45.17897994268583,0.2357590900434586,-6.195254990772491,5.819074591096122e-10,1.5266048980555854e-8,-1.2481271365788762,FABP3,FABP3,Menor en MASH
ENSG00000171051,49.16774541285441,0.31817860782285584,-6.192087617868438,5.937253019699013e-10,1.5515944812290644e-8,-1.5066457113807772,FPR1,FPR1,Menor en MASH
ENSG00000181392,48.817390499162954,0.18357770136799612,6.178795793474505,6.459237801373327e-10,1.6718681093153103e-8,1.0266944295969735,SYNE4,SYNE4,Mayor en MASH
ENSG00000122223,39.2250047720859,0.258386804797598,-6.165377418037863,7.031522381361664e-10,1.8061806162522363e-8,-1.3222748499663617,CD244,CD244,Menor en MASH
ENSG00000169418,163.35248310860555,0.20453099752792028,-6.162178456113376,7.175092346756961e-10,1.8326268886424338e-8,-1.116386273594576,NPR1,NPR1,Menor en MASH
ENSG00000158869,367.5238175653439,0.23515235072494553,-6.151820182513777,7.659869761449654e-10,1.927354218601189e-8,-1.2365738298820883,FCER1G,FCER1G,Menor en MASH
ENSG00000255398,8.098219501468773,0.42985527920704053,-6.149437508576128,7.77582149933105e-10,1.9528997335147387e-8,-1.7118316555792112,HCAR3,HCAR3,Menor en MASH
ENSG00000163217,24.896727719480445,0.3076771568444736,-6.141523985186154,8.173348089140123e-10,2.0376171838432752e-8,-1.4672834437981972,BMP10,BMP10,Menor en MASH
ENSG00000169515,18.2104649052213,0.3421114933459685,6.12399959044782,9.125513071287756e-10,2.2666434944224286e-8,1.5260614843952833,CCDC8,CCDC8,Mayor en MASH
ENSG00000162618,116.5378663366748,0.19823529266692716,-6.108089431143669,1.008308529811513e-9,2.472730537691748e-8,-1.0791956404567897,ADGRL4,ADGRL4,Menor en MASH
ENSG00000197766,155.54174022079891,0.4521888273395838,-6.103914763572532,1.0350149703927701e-9,2.524504081839086e-8,-1.6876683138024182,CFD,CFD,Menor en MASH
ENSG00000181291,28.18262047754425,0.285207499574632,-6.096795528132829,1.0821579378622665e-9,2.630012927260593e-8,-1.3917972945923158,TMEM132E,TMEM132E,Menor en MASH
ENSG00000163075,15.09847974550412,0.4183469016823743,6.090411701922218,1.1262068636560745e-9,2.7175512144941675e-8,1.6301022186243472,CFAP221,CFAP221,Mayor en MASH
ENSG00000109536,235.16008153166686,0.18401152004686183,6.087155035592686,1.1493466397015515e-9,2.7635356059751157e-8,1.0125959234783797,FRG1,FRG1,Mayor en MASH
ENSG00000130775,91.82652215847746,0.19946514453662614,-6.084744776155807,1.166770219874777e-9,2.8004554018519252e-8,-1.0812593041326393,THEMIS2,THEMIS2,Menor en MASH
ENSG00000161281,34.6749577799151,0.28748266484681056,6.082098972460494,1.1861930466125343e-9,2.8370132989388472e-8,1.3842644447161856,COX7A1,COX7A1,Mayor en MASH
ENSG00000064042,225.24035877997008,0.19736563115336667,-6.0734709725045635,1.2517463494038733e-9,2.983255340119759e-8,-1.0693135389143757,LIMCH1,LIMCH1,Menor en MASH
ENSG00000055044,396.1285072073169,0.22377625699582976,6.057237255262289,1.384792698043998e-9,3.2432419988618687e-8,1.171410853703821,NOP58,NOP58,Mayor en MASH
ENSG00000166856,138.16918521892057,0.21171456337242522,-6.05483984044291,1.4055743936363642e-9,3.274915760181663e-8,-1.126074409859814,ACKR5,ACKR5,Menor en MASH
ENSG00000122254,24.771584891009855,0.4845985629812337,6.048275753281958,1.4640421834898759e-9,3.399440658302307e-8,1.6334355142002404,HS3ST2,HS3ST2,Mayor en MASH
ENSG00000146192,72.62238650732866,0.23737088267138556,-6.034551059022017,1.5940522420816148e-9,3.682369488235293e-8,-1.2191108385131324,FGD2,FGD2,Menor en MASH
ENSG00000167600,32.853135721314125,0.2374522072933162,-6.023239549140991,1.709601210628023e-9,3.909268849370193e-8,-1.2185309088934697,CYP2S1,CYP2S1,Menor en MASH
ENSG00000142798,1255.511814710572,0.2062746745123232,-6.007555475940607,1.8834137259875777e-9,4.242224893293484e-8,-1.0953241992941354,HSPG2,HSPG2,Menor en MASH
ENSG00000171587,3.877173446889367,0.6618911061221441,-6.005090082855336,1.9122570327219205e-9,4.292906045100603e-8,-1.790918080480733,DSCAM,DSCAM,Menor en MASH
ENSG00000120129,584.663883120375,0.202298354362661,5.999127115949787,1.9838101959980324e-9,4.4395723478154986e-8,1.0758129467954072,DUSP1,DUSP1,Mayor en MASH
ENSG00000274736,21.33411933030913,0.28481765804492165,-5.9990994572575245,1.9841480907353007e-9,4.4395723478154986e-8,-1.370380278697901,CCL23,CCL23,Menor en MASH
ENSG00000241343,7.1897580674654,0.6507206757932154,5.997456136220216,2.0043248089037343e-9,4.477317646556081e-8,1.6379702260280606,RPL36A,RPL36A,Mayor en MASH
ENSG00000176597,16.130570289883323,0.40804924427438083,5.9935904120483965,2.0525796236141646e-9,4.570028020536998e-8,1.594823874113505,B3GNT5,B3GNT5,Mayor en MASH
ENSG00000168078,7.413846517970947,0.6265404815282725,5.990463341636692,2.0924403785729392e-9,4.6435025253675214e-8,1.6452537727666199,PBK,PBK,Mayor en MASH
ENSG00000111206,22.60396602226949,0.3440324105110989,5.982323734721755,2.199765070375464e-9,4.8657221826262506e-8,1.4963096764173638,FOXM1,FOXM1,Mayor en MASH
ENSG00000145386,17.458182537581187,0.3307122225831051,5.9623398378058585,2.4865133053957282e-9,5.411564407579095e-8,1.463892175426131,CCNA2,CCNA2,Mayor en MASH
ENSG00000119632,22.39521478590069,0.3071714813235512,5.957790463480734,2.5567103118933894e-9,5.52878394442505e-8,1.4118261441494133,IFI27L2,IFI27L2,Mayor en MASH
ENSG00000106772,25.5765069075385,0.24577397571355156,-5.9550729561134474,2.5995583898069717e-9,5.603538522741557e-8,-1.2353860263685297,PRUNE2,PRUNE2,Menor en MASH
ENSG00000138829,8.000117204852213,0.5056925246776628,-5.951528704795913,2.656494175502432e-9,5.7171640149088104e-8,-1.7110142137374587,FBN2,FBN2,Menor en MASH
ENSG00000160883,59.07008772191271,0.30628995539425063,-5.950558320046533,2.6722932877869528e-9,5.742037180439997e-8,-1.416464961051258,HK3,HK3,Menor en MASH
ENSG00000164128,142.534846349343,0.1991251942404403,-5.949489632378422,2.6897987836337514e-9,5.770492255792408e-8,-1.0551503800839879,NPY1R,NPY1R,Menor en MASH
ENSG00000162552,21.695811794229105,0.3689449971156547,5.9349611140311795,2.9391515245148807e-9,6.237047973350087e-8,1.5221585175363161,WNT4,WNT4,Mayor en MASH
ENSG00000142512,44.34934342618026,0.25782480782678663,-5.928249246231221,3.0618151570799375e-9,6.42601422967304e-8,-1.2704182043279566,SIGLEC10,SIGLEC10,Menor en MASH
ENSG00000160072,47.24589666697119,0.32976554530639557,5.923502971010482,3.1515503314272803e-9,6.593900592972349e-8,1.44533026351694,ATAD3B,ATAD3B,Mayor en MASH
ENSG00000127951,452.8968021267383,0.19988748899926861,-5.915690979694183,3.3048518619591932e-9,6.840639091030825e-8,-1.0526186986999064,FGL2,FGL2,Menor en MASH
ENSG00000146670,15.579667065489296,0.24371512780703433,5.913308710738278,3.3530288599270905e-9,6.908668443962408e-8,1.2169662721600356,CDCA5,CDCA5,Mayor en MASH
ENSG00000107890,316.1024949956078,0.5641440935704621,5.906618617516651,3.4920088974085654e-9,7.162321885487841e-8,1.514386102188481,ANKRD26,ANKRD26,Mayor en MASH
ENSG00000167895,81.61967491238265,0.19807968115676924,-5.904661381666951,3.5337180748128838e-9,7.205451349324894e-8,-1.0425038057223484,TMC8,TMC8,Menor en MASH
ENSG00000101745,1804.2112337195992,0.5738709038574101,5.905106606609756,3.5241878182698134e-9,7.205451349324894e-8,1.499901631053087,ANKRD12,ANKRD12,Mayor en MASH
ENSG00000138315,1020.7365618298642,0.19315870499001647,-5.90353743291047,3.5578884935929596e-9,7.242576922972616e-8,-1.022562848060404,OIT3,OIT3,Menor en MASH
ENSG00000113494,295.48405406449785,0.19306827650435998,-5.901591586764423,3.600114776532601e-9,7.317530590078351e-8,-1.02178172338445,PRLR,PRLR,Menor en MASH
ENSG00000250565,35.22884845195437,0.23991176649661608,5.893345300531851,3.7845440627938585e-9,7.657903285207842e-8,1.1968775316145694,ATP6V1E2,ATP6V1E2,Mayor en MASH
ENSG00000174720,680.6655960081298,0.29829086463354293,5.887107529708123,3.930130266865269e-9,7.916990092642136e-8,1.3685202509045773,LARP7,LARP7,Mayor en MASH
ENSG00000120457,18.72917886144559,0.27972724430401413,5.8710905385905265,4.329377399647516e-9,8.618644391033591e-8,1.3212963772282058,KCNJ5,KCNJ5,Mayor en MASH
ENSG00000162897,212.9963300967525,0.28206909570702254,5.869026080769389,4.383624838534575e-9,8.688305920826141e-8,1.3226242285726615,FCAMR,FCAMR,Mayor en MASH
ENSG00000059377,143.44792739975858,0.2155745424944992,-5.867758283377959,4.417265798787974e-9,8.74218232722117e-8,-1.106308069653152,TBXAS1,TBXAS1,Menor en MASH
ENSG00000100836,225.09433421076827,0.26029329340099727,5.867281380762217,4.4299853126960164e-9,8.754556376345398e-8,1.2579690833221036,PABPN1,PABPN1,Mayor en MASH
ENSG00000104938,433.6898965318877,0.24585388175338116,-5.8667914057169,4.443090602908851e-9,8.767655611017073e-8,-1.2162116552751308,CLEC4M,CLEC4M,Menor en MASH
ENSG00000013297,43.39810744354667,0.3677416316547043,5.855716666058093,4.749573607393541e-9,9.277774592104814e-8,1.4976578202186692,CLDN11,CLDN11,Mayor en MASH
ENSG00000204131,49.50159509207521,0.20221316599138373,-5.853572862856733,4.8112332512337704e-9,9.384677885007428e-8,-1.0496094133408145,NHSL2,NHSL2,Menor en MASH
ENSG00000169313,14.194354638669463,0.41066745352009415,-5.840389542256107,5.207890537589628e-9,1.0042623106460227e-7,-1.5942971908310535,P2RY12,P2RY12,Menor en MASH
ENSG00000077684,395.588474002285,0.192177979585703,5.838750099827425,5.2593887216124336e-9,1.0098772358080499e-7,1.0058457514941377,JADE1,JADE1,Mayor en MASH
ENSG00000056277,10.39664743408002,0.3432243923307655,-5.8185286260983515,5.936789359843643e-9,1.1287404152275758e-7,-1.4746521187261437,ZNF280C,ZNF280C,Menor en MASH
ENSG00000253305,31.6643462173753,0.2751356343087325,-5.810188996657975,6.240235503143712e-9,1.1814554965882018e-7,-1.293610540769686,PCDHGB6,PCDHGB6,Menor en MASH
ENSG00000169442,91.3226798706148,0.29252219390425366,5.804219862761469,6.466637748096269e-9,1.2226099887706593e-7,1.3348511191669015,CD52,CD52,Mayor en MASH
ENSG00000123338,324.41988512061386,0.20411506067269666,-5.802825676776514,6.520657490678957e-9,1.229389142776059e-7,-1.0495549387289749,NCKAP1L,NCKAP1L,Menor en MASH
ENSG00000187889,215.64905873140646,0.2682430467724033,5.793604502490996,6.889158454866931e-9,1.2934609986620478e-7,1.2657268026474484,FYB2,FYB2,Mayor en MASH
ENSG00000135205,53.65691494914718,0.25856779098077187,5.79114444713405,6.99084200253844e-9,1.310734462442699e-7,1.2361749341982284,CCDC146,CCDC146,Mayor en MASH
ENSG00000101336,126.89700971342907,0.20948539488334197,-5.776362312948584,7.633291138043777e-9,1.4155049607629948e-7,-1.066013226519841,HCK,HCK,Menor en MASH
ENSG00000101882,202.09604924073065,0.1939692307138954,5.774651499343301,7.711252041924895e-9,1.428005730390387e-7,1.0023246009296933,NKAP,NKAP,Mayor en MASH
ENSG00000113532,50.13197317537067,0.22886874436363813,-5.769726510440273,7.940028695017853e-9,1.464361967908129e-7,-1.1357491155296384,ST8SIA4,ST8SIA4,Menor en MASH
ENSG00000108602,38.665097692010306,0.5992935402583077,5.765923198631411,8.121203868411906e-9,1.4896576797654737e-7,1.4652684105523994,ALDH3A1,ALDH3A1,Mayor en MASH
ENSG00000168542,3784.593668481742,0.2313767888935868,5.762927313097606,8.266740399842825e-9,1.5121736555240609e-7,1.1416056446665852,COL3A1,COL3A1,Mayor en MASH
ENSG00000149418,199.0224207075101,0.23614339225546024,5.757045713150461,8.559873675966833e-9,1.553938395098902e-7,1.157299703462212,ST14,ST14,Mayor en MASH
ENSG00000066735,43.566757840982625,0.26827456326078014,-5.749568762046337,8.947135988776174e-9,1.6063312981440725e-7,-1.2611814625835622,KIF26A,KIF26A,Menor en MASH
ENSG00000163586,22037.902431121496,0.20687779903287315,5.746645111699742,9.103150991061088e-9,1.6321768869668074e-7,1.0484588069549066,FABP1,FABP1,Mayor en MASH
ENSG00000177380,41.617406780487535,0.2900455285139056,5.74175058811155,9.370276574370427e-9,1.6690188682533218e-7,1.3151747257068178,PPFIA3,PPFIA3,Mayor en MASH
ENSG00000175489,82.2424288882914,0.2195362409713004,-5.725241132767407,1.0328692940519647e-8,1.8300983813588282e-7,-1.094795024984415,LRRC25,LRRC25,Menor en MASH
ENSG00000102034,51.52451824469327,0.245231679748683,-5.721797396446096,1.0540295715280835e-8,1.8651501058530285e-7,-1.1850000255085293,ELF4,ELF4,Menor en MASH
ENSG00000104967,40.82169458469721,0.20747628714225932,-5.702768920400782,1.1787673410833093e-8,2.0642915260342505e-7,-1.0435263402568602,NOVA2,NOVA2,Menor en MASH
ENSG00000019102,17.75918481709418,0.41718194470984254,5.694773428530651,1.2353586062820587e-8,2.155032146036112e-7,1.5188772751462534,VSIG2,VSIG2,Mayor en MASH
ENSG00000198829,67.93906391033462,0.20413410360872394,-5.687815311442907,1.2867487201509752e-8,2.2389096946894282e-7,-1.0291078404169365,SUCNR1,SUCNR1,Menor en MASH
ENSG00000139946,40.504039003414526,0.26629459564145735,-5.6854475675500495,1.3047051041282833e-8,2.2643324352031504e-7,-1.2420341697231756,PELI2,PELI2,Menor en MASH
ENSG00000175756,1131.5972518218932,0.21968793737084358,5.680206498358235,1.3453222052230673e-8,2.3288525181719517e-7,1.0839627730527825,AURKAIP1,AURKAIP1,Mayor en MASH
ENSG00000119888,47.02038292497455,0.3091511319591756,5.666882696497115,1.4541882281468455e-8,2.5044969522167744e-7,1.3429124682011646,EPCAM,EPCAM,Mayor en MASH
ENSG00000105383,28.22873947966877,0.247598945599173,-5.659640414341074,1.5169049398573e-8,2.599283819094718e-7,-1.1792422471463666,CD33,CD33,Menor en MASH
ENSG00000197956,231.16212032298654,0.2259225829547173,5.655441447073769,1.5544621767204194e-8,2.650220968043365e-7,1.101430166557964,S100A6,S100A6,Mayor en MASH
ENSG00000128594,34.59592858101214,0.3457526384882027,-5.642719414790721,1.673850130092524e-8,2.839628441807994e-7,-1.425859514171511,LRRC4,LRRC4,Menor en MASH
ENSG00000170312,16.341535761075182,0.3360438591306005,5.642709345061894,1.6739480657182383e-8,2.839628441807994e-7,1.398011399145965,CDK1,CDK1,Mayor en MASH
ENSG00000073734,975.4511440724289,0.2376997954545552,-5.636737571585032,1.7330189866479094e-8,2.921529018960492e-7,-1.1412054469873993,ABCB11,ABCB11,Menor en MASH
ENSG00000187764,49.45737063385957,0.22371938145639683,-5.634726446265929,1.7533643158611894e-8,2.9459709077214495e-7,-1.0921548226721869,SEMA4D,SEMA4D,Menor en MASH
ENSG00000182324,12.442513042372248,0.34319403150563804,5.631563647918107,1.785830460035845e-8,2.9956365473984176e-7,1.402416216467768,KCNJ14,KCNJ14,Mayor en MASH
ENSG00000108961,90.68966665687326,0.26457382423632886,5.629559090788752,1.8067086906363582e-8,3.026907864498067e-7,1.2204179099468548,RANGRF,RANGRF,Mayor en MASH
ENSG00000183153,4.169308912821128,0.4232546281377406,-5.623894939285708,1.866992226544078e-8,3.1240387850095403e-7,-1.5838717302024405,GJD3,GJD3,Menor en MASH
ENSG00000089048,489.1361458215288,0.43964967844182207,5.602464804403787,2.1132495590648795e-8,3.4886657659830823e-7,1.4920256982739926,ESF1,ESF1,Mayor en MASH
ENSG00000134042,134.20580000499652,0.23320523151916678,-5.600225451152666,2.1407320529178944e-8,3.5203788269586484e-7,-1.1183157930315264,MRO,MRO,Menor en MASH
ENSG00000203883,77.03095699996501,0.278937630738182,-5.597386706953272,2.1760696191187173e-8,3.570600537455767e-7,-1.260485852859933,SOX18,SOX18,Menor en MASH
ENSG00000104974,23.722341207105067,0.2759058798259334,-5.5955923042242475,2.1986983028045507e-8,3.594659290466812e-7,-1.2533530782934668,LILRA1,LILRA1,Menor en MASH
ENSG00000147852,42.126776967533694,0.29365587406429716,5.59093062855938,2.2585580850896982e-8,3.6791938384908844e-07,1.2912976783971963,VLDLR,VLDLR,Mayor en MASH
ENSG00000124802,24.976810072529393,0.24776242423496825,5.587176629292947,2.307909609520339e-8,3.750560910453401e-7,1.160894389580778,EEF1E1,EEF1E1,Mayor en MASH
ENSG00000177675,48.156803908951744,0.31897806967320763,-5.5802276211422805,2.402040318230607e-8,3.889523898072694e-7,-1.3504042797315454,CD163L1,CD163L1,Menor en MASH
ENSG00000157827,77.00633998010385,0.2555069168489748,-5.561292176870559,2.677844362227701e-8,4.2950212241085767e-7,-1.179454644289867,FMNL2,FMNL2,Menor en MASH
ENSG00000171049,6.622919362357411,0.49393236050338607,-5.560408051170744,2.6914462329787342e-8,4.311728716666642e-7,-1.5776551130878766,FPR2,FPR2,Menor en MASH
ENSG00000187634,25.051898383099683,0.3016028184312761,5.557069775535366,2.7434111344076008e-8,4.38459935377517e-7,1.3023653673211342,SAMD11,SAMD11,Mayor en MASH
ENSG00000106483,10.884663381780515,0.5245239187223943,5.548362681961332,2.883572296126649e-8,4.5708335096799115e-7,1.5141197130187798,SFRP4,SFRP4,Mayor en MASH
ENSG00000106268,30.710441314499977,0.2523341890246695,5.511009560095451,3.567813419672141e-8,5.519713172811632e-7,1.1602286615714186,NUDT1,NUDT1,Mayor en MASH
ENSG00000005884,56.21452208993112,0.20826317663493277,5.509187643133145,3.6049346619983316e-8,5.570776315008152e-7,1.0101456494822654,ITGA3,ITGA3,Mayor en MASH
ENSG00000122420,37.07754152003907,0.2771016611558139,5.48714176334954,4.084893050868855e-8,6.227161850181496e-7,1.2239879686362356,PTGFR,PTGFR,Mayor en MASH
ENSG00000276547,31.165761329813343,0.2590651629877234,-5.484621388125086,4.143558828346308e-8,6.302399534755502e-7,-1.1780092367852142,PCDHGB5,PCDHGB5,Menor en MASH
ENSG00000143951,54.95786673399377,0.248870242965663,5.48161159456809,4.214687365564188e-8,6.39621332596888e-7,1.1414058902520445,WDPCP,WDPCP,Mayor en MASH
ENSG00000188820,70.94820141667981,0.23233003672852948,-5.479569515402731,4.2636191174410486e-8,6.463226426965226e-7,-1.0909134879183555,CALHM6,CALHM6,Menor en MASH
ENSG00000124019,36.02747562240336,0.2890976573662735,-5.474311366733455,4.392162120032499e-8,6.62839449485841e-7,-1.2570299978236383,FAM124B,FAM124B,Menor en MASH
ENSG00000137841,108.26449026398097,0.23010147366955847,-5.46629315738499,4.595440948763405e-8,6.896727729868095e-7,-1.0807012967554726,PLCB2,PLCB2,Menor en MASH
ENSG00000167578,34.846422328224065,0.21340587628029298,5.459747266939676,4.768128415361064e-8,7.124299598095224e-7,1.0192743600653251,RAB4B,RAB4B,Mayor en MASH
ENSG00000119711,4747.04750463352,0.24409611172585843,-5.450954964663878,5.010005752804448e-8,7.436452617951076e-7,-1.1242916419058087,ALDH6A1,ALDH6A1,Menor en MASH
ENSG00000146038,56.31290066288865,0.2856620459345457,5.419709869521092,5.969583438557906e-8,8.726808964120774e-7,1.2288744211453229,DCDC2,DCDC2,Mayor en MASH
ENSG00000024526,5.206011783991829,0.5679249998652922,5.4177488175687785,6.03541248172186e-8,8.794550997316343e-7,1.5395410323148742,DEPDC1,DEPDC1,Mayor en MASH
ENSG00000197646,45.901499299409984,0.3195875368807265,-5.415366504507596,6.116329125472077e-8,8.893313358916811e-7,-1.312766863133937,PDCD1LG2,PDCD1LG2,Menor en MASH
ENSG00000010626,32.16941043516183,0.2448075780058692,5.414772072355535,6.136682636185282e-8,8.913333996356241e-7,1.115627279749679,LRRC23,LRRC23,Mayor en MASH
ENSG00000143333,27.164967175501978,0.37977489936599607,5.396061262619789,6.811969594737065e-8,9.758056339042926e-7,1.3974442834848981,RGS16,RGS16,Mayor en MASH
ENSG00000128284,1394.883093871629,0.21980254266647983,5.382990436195337,7.32584321105748e-8,1.039517186038628e-6,1.0277504393379415,APOL3,APOL3,Mayor en MASH
ENSG00000087253,67.63145332454636,0.21947447886023425,-5.380491315940739,7.428282263503918e-8,1.0518478765800474e-6,-1.027537852482301,LPCAT2,LPCAT2,Menor en MASH
ENSG00000283632,71.8974488068898,0.2771057928518935,-5.3730582611714475,7.741230247624568e-8,1.0927191229199092e-6,-1.204762537318267,EXOC3L2,EXOC3L2,Menor en MASH
ENSG00000166432,131.38106782012426,0.6731635172033954,5.354386952416047,8.584697162518783e-8,1.199288395139492e-6,1.2650327489083881,ZMAT1,ZMAT1,Mayor en MASH
ENSG00000164125,125.59029037205087,0.2233379122131173,-5.352429590258835,8.678107449251499e-8,1.2085960960958593e-6,-1.0362217854197862,GASK1B,GASK1B,Menor en MASH
ENSG00000166292,25.650334314730255,0.22623201253363584,5.346222112061875,8.980899092567862e-8,1.2443646982199708e-6,1.0428300711022227,TMEM100,TMEM100,Mayor en MASH
ENSG00000171777,22.86262253871194,0.25307860138523103,-5.343430753285465,9.120368048346705e-8,1.261107479780075e-6,-1.129024399292385,RASGRP4,RASGRP4,Menor en MASH
ENSG00000113810,293.58247952901775,0.27794040886609417,5.337569980307641,9.420054928640564e-8,1.2998907601325924e-6,1.1923387485548356,SMC4,SMC4,Mayor en MASH
ENSG00000165841,87.00554898682485,0.5353766615910005,-5.336572390257118,9.472006567011705e-8,1.3057286445787928e-6,-1.5101373642228968,CYP2C19,CYP2C19,Menor en MASH
ENSG00000186340,178.69198147347532,0.241795305726429,5.333472286034824,9.635227458385804e-8,1.3241834934433363e-6,1.089835516488868,THBS2,THBS2,Mayor en MASH
ENSG00000149591,415.65019102112177,0.25974940325544077,5.330064862803537,9.81776957994712e-8,1.3465364417805895e-6,1.1420173458973601,TAGLN,TAGLN,Mayor en MASH
ENSG00000198208,15.886215265782184,0.30300434870546733,5.328814094457441,9.885611930455486e-8,1.3530993802080475e-6,1.2505509936629677,RPS6KL1,RPS6KL1,Mayor en MASH
ENSG00000158517,12.238631002574289,0.33713707599565007,-5.3275587493701595,9.95415870972003e-8,1.3611055197321217e-6,-1.3362691925642167,NCF1,NCF1,Menor en MASH
ENSG00000174371,6.5073018150253175,0.4721366234972548,5.314521222762148,1.0693811904784564e-7,1.4447318538430006e-6,1.4703504045395093,EXO1,EXO1,Mayor en MASH
ENSG00000091879,26.818260523015347,0.3822077150428224,-5.307599249489186,1.1107852562334102e-7,1.4887821795674925e-6,-1.4011465419887783,ANGPT2,ANGPT2,Menor en MASH
ENSG00000189376,19.315508516095484,0.2882734142875581,5.301078349744506,1.1512066700550063e-7,1.535358097786662e-6,1.20908118643536,C8orf76,C8orf76,Mayor en MASH
ENSG00000165113,93.59587611367499,0.25972282760610577,5.301209287709911,1.1503811900108823e-7,1.535358097786662e-6,1.1350237953419213,GKAP1,GKAP1,Mayor en MASH
ENSG00000102760,11.888111977547345,0.3493392782731705,5.279801892440778,1.293236361350418e-7,1.7046290772736718e-6,1.3322776338581235,RGCC,RGCC,Mayor en MASH
ENSG00000119681,122.6314496243549,0.2796669659911822,5.278355556390825,1.3034835567375556e-7,1.7164646797233747e-6,1.1841794319337562,LTBP2,LTBP2,Mayor en MASH
ENSG00000125148,14259.273172732,0.2472792456832356,-5.265627017717664,1.397116821511243e-7,1.8237965682543583e-6,-1.0958181465021457,MT2A,MT2A,Menor en MASH
ENSG00000176641,299.0688358265275,0.256130696624901,-5.2620227549713725,1.4247912763245907e-7,1.8527761294530243e-6,-1.1209221752312788,RNF152,RNF152,Menor en MASH
ENSG00000196169,24.58371191114989,0.2477706046784309,-5.257792697863503,1.4579473205026208e-7,1.8940722531328193e-6,-1.0939655746153687,KIF19,KIF19,Menor en MASH
ENSG00000174938,14.828686523415728,0.3890257794973948,5.257301302658233,1.4618470132221208e-7,1.8973176431436097e-6,1.3790743272112251,SEZ6L2,SEZ6L2,Mayor en MASH
ENSG00000179588,241.57614553463966,0.23722747631922717,-5.248215712471346,1.5357940746210118e-7,1.9800042274423463e-6,-1.0610458549450568,ZFPM1,ZFPM1,Menor en MASH
ENSG00000176170,14.429674318038744,0.41902769393746614,5.244039948287924,1.5709816251052886e-7,2.019599074933551e-6,1.4034957963083077,SPHK1,SPHK1,Mayor en MASH
ENSG00000166927,407.1047333684749,0.25387251535573513,-5.237768600223717,1.625296612423789e-7,2.0815175252962e-6,-1.1095769681700802,MS4A7,MS4A7,Menor en MASH
ENSG00000008311,404.9518602551677,0.2621030614056072,-5.232767920678424,1.669903520952985e-7,2.1305828428973194e-6,-1.1318117780501922,AASS,AASS,Menor en MASH
ENSG00000249437,6.02756074396957,0.49296869290134365,-5.232181338247077,1.6752128593384618e-7,2.1353443010230467e-6,-1.5093486141859227,NAIP,NAIP,Menor en MASH
ENSG00000072315,32.0263990299057,0.22259724158270058,-5.223993483265046,1.751049444037642e-7,2.2173953530343837e-6,-1.009357445977498,TRPC5,TRPC5,Menor en MASH
ENSG00000123096,34.41166872670099,0.3358766012261008,5.217719801330253,1.8113920687748508e-7,2.2852576360675822e-6,1.2867268598743165,SSPN,SSPN,Mayor en MASH
ENSG00000119969,21.927608601051272,0.31856302856704133,5.21660591358174,1.8223139462471087e-7,2.2947594316601965e-6,1.256052874206482,HELLS,HELLS,Mayor en MASH
ENSG00000075618,334.20441303918915,0.25423671275639825,-5.207618691450834,1.9127948513150304e-7,2.3975466576158858e-6,-1.1044422764369015,FSCN1,FSCN1,Menor en MASH
ENSG00000130821,25.00605138035901,0.26494478239484287,5.205578459385654,1.9339321253227674e-7,2.4191619057254844e-6,1.129188889611636,SLC6A8,SLC6A8,Mayor en MASH
ENSG00000135480,165.19705486937076,0.30071479251442185,5.2006316707934674,1.986123556066054e-7,2.4711539134619643e-6,1.215839214177789,KRT7,KRT7,Mayor en MASH
ENSG00000131042,77.58035570339683,0.2263592360849129,-5.19082602813171,2.0936317754898257e-7,2.585902677445782e-6,-1.0148937785149474,LILRB2,LILRB2,Menor en MASH
ENSG00000090971,27.670632506897807,0.27942877382235803,5.189932041615485,2.1037084501446062e-7,2.593615782295768e-6,1.1636828657767537,NAT14,NAT14,Mayor en MASH
ENSG00000143061,29.694248761119674,0.3064236190842411,5.182137826546353,2.1935702088989e-7,2.692145051483627e-6,1.2265705446497335,IGSF3,IGSF3,Mayor en MASH
ENSG00000080986,14.033217468218728,0.4280448829525608,5.177512857062577,2.2486345206726756e-7,2.749752981603072e-6,1.3967622480269226,NDC80,NDC80,Mayor en MASH
ENSG00000213901,19.880942852356174,0.31799065158187495,5.165478375635497,2.398247552685712e-7,2.9221491557791615e-6,1.2442547162438924,SLC23A3,SLC23A3,Mayor en MASH
ENSG00000100368,37.179480327070515,0.2500535741267399,-5.1558985648002364,2.524175187441379e-7,3.0618064079206046e-6,-1.0813506396745578,CSF2RB,CSF2RB,Menor en MASH
ENSG00000224916,7.933245936546509,0.43337512056929745,5.148168194496493,2.6304258127168333e-7,3.163572570252227e-6,1.3859448307517395,NA,ENSG00000224916,Mayor en MASH
ENSG00000122884,172.8936261990138,0.24764922571853995,-5.135443695380472,2.814791445039431e-7,3.366062879107666e-6,-1.0686547401514999,P4HA1,P4HA1,Menor en MASH
ENSG00000091622,132.95953494326722,0.25095416459981096,-5.1341019982536755,2.8349432816639203e-7,3.384569969280304e-6,-1.0777846501451507,PITPNM3,PITPNM3,Menor en MASH
ENSG00000177606,263.2627828317125,0.23668223565144697,5.13385325467406,2.8386946044296203e-7,3.385674789441742e-6,1.0336818837734867,JUN,JUN,Mayor en MASH
ENSG00000131981,223.95870598261422,0.26072697309293624,5.127332170001218,2.938767522354337e-7,3.501945066030868e-6,1.101421912746397,LGALS3,LGALS3,Mayor en MASH
ENSG00000241360,13.159635590269515,0.4168652402479306,-5.11681205582952,3.107429800398771e-7,3.68670264750203e-6,-1.404542911761564,PDXP,PDXP,Menor en MASH
ENSG00000132424,935.5925580389458,0.5637401883012318,5.107834657587633,3.2587160545371615e-7,3.8628055368011876e-6,1.3371345330353657,PNISR,PNISR,Mayor en MASH
ENSG00000126653,342.4707489163104,0.3244991627577317,5.101553471717048,3.36876811590152e-7,3.979320592055749e-6,1.2391288738808006,NSRP1,NSRP1,Mayor en MASH
ENSG00000134363,323.32690135263357,0.22996254252325218,5.087926646394247,3.619993264774721e-7,4.242757474048087e-6,1.0036462009240357,FST,FST,Mayor en MASH
ENSG00000173610,82.64477288823065,0.46568330976118544,-5.080989460113528,3.754739536281698e-7,4.38928403304364e-6,-1.4227530059356666,UGT2A1,UGT2A1,Menor en MASH
ENSG00000164221,33.500196278876565,0.4101960560005767,5.080780931094559,3.7588639756098655e-7,4.390314205162274e-6,1.3464030830098117,CCDC112,CCDC112,Mayor en MASH
ENSG00000102007,98.24574344333499,0.23713118908948652,5.069874683529829,3.980777243977158e-7,4.617633380610008e-6,1.022294136540488,PLP2,PLP2,Mayor en MASH
ENSG00000106384,101.31886120961465,0.2765609866942491,5.069088593747578,3.9972514951285624e-7,4.628810392605248e-6,1.1291596983736825,MOGAT3,MOGAT3,Mayor en MASH
ENSG00000141574,91.85228092824346,0.24219659911624009,-5.057132943281156,4.2560655049206414e-7,4.899180164975401e-6,-1.0370880999509273,SECTM1,SECTM1,Menor en MASH
ENSG00000105205,3.527097199364691,0.6751766369432406,-5.056530229288454,4.2695321961752654e-7,4.908023386593672e-6,-1.5060177184245858,CLC,CLC,Menor en MASH
ENSG00000124762,540.1312081210522,0.240366092235909,5.05565720235807,4.289111525262024e-7,4.924656719039187e-6,1.0287793907052258,CDKN1A,CDKN1A,Mayor en MASH
ENSG00000259120,24.279938451910674,0.2550766965934938,5.0554268319738,4.2942924569883163e-7,4.92642686358058e-6,1.0725469581755673,ERLN,ERLN,Mayor en MASH
ENSG00000100162,7.094871135040675,0.4247072580940487,5.054581496142454,4.313355474135184e-7,4.944106101047247e-6,1.3751799124917687,CENPM,CENPM,Mayor en MASH
ENSG00000100985,51.74303628951789,0.5498268362325404,5.046592475241533,4.497592522629259e-7,5.1292257774921886e-06,1.34221595789692,MMP9,MMP9,Mayor en MASH
ENSG00000167183,16.620932304390816,0.2993961339117128,5.04637423514007,4.502730439813887e-7,5.1307627915623395e-6,1.180699453424031,PRR15L,PRR15L,Mayor en MASH
ENSG00000170525,181.58616482315958,0.23514372026514466,-5.040049497659675,4.6541145809690664e-7,5.2810351284642286e-6,-1.0120047403533179,PFKFB3,PFKFB3,Menor en MASH
ENSG00000170469,24.034193056845115,0.23617161448561896,5.0354547242880825,4.7671580031074733e-7,5.400252542934382e-6,1.0105561431685428,SPATA24,SPATA24,Mayor en MASH
ENSG00000164142,12.721183697761564,0.479047524452946,-5.0347662443266605,4.784322908560353e-7,5.415165486051964e-6,-1.3856532271330173,FHIP1A,FHIP1A,Menor en MASH
ENSG00000111364,177.05078492728993,0.27992769201019163,5.0343951771274735,4.793598912728032e-7,5.418463586119125e-6,1.1291085393147862,DDX55,DDX55,Mayor en MASH
ENSG00000105613,10.382914443716977,0.3961236288074959,-5.033076966676703,4.826692242260742e-7,5.449452283860188e-6,-1.356753178269653,MAST1,MAST1,Menor en MASH
ENSG00000154065,32.83190181992423,0.27375273329151395,5.029947740682382,4.906135388526845e-7,5.520727743515203e-6,1.1136995161893823,ANKRD29,ANKRD29,Mayor en MASH
ENSG00000099958,41.17199212536333,0.35907546800318657,5.023989390798354,5.060903400237787e-7,5.684249145909275e-6,1.2774719054246435,DERL3,DERL3,Mayor en MASH
ENSG00000280789,11.760011506068375,0.3132740831717568,5.021365769787528,5.130535219619283e-7,5.749342323508794e-6,1.2061847560254984,PAGR1,PAGR1,Mayor en MASH
ENSG00000161888,10.868535561683434,0.3378272921395114,4.998282582691086,5.784317653430427e-7,6.397087126123998e-6,1.2428916586370913,SPC24,SPC24,Mayor en MASH
ENSG00000067177,46.92075565900841,0.2757019143843931,-4.994794742029914,5.889837596252286e-7,6.4874476436507086e-6,-1.1153272609513916,PHKA1,PHKA1,Menor en MASH
ENSG00000164398,39.449596678646266,0.24905009552822835,4.985302783347961,6.186485426647116e-7,6.767568391421957e-6,1.0391302630311994,ACSL6,ACSL6,Mayor en MASH
ENSG00000151490,26.101190814671497,0.25695997890507744,-4.9854127129116685,6.182968832590304e-7,6.767568391421957e-6,-1.0666757616389868,PTPRO,PTPRO,Menor en MASH
ENSG00000111249,985.6262950668355,0.28649991843377165,-4.972557318438808,6.607542590090212e-7,7.138571751161309e-6,-1.1377300553001921,CUX2,CUX2,Menor en MASH
ENSG00000100968,17.45589774839518,0.29301863885919077,4.9717069941602325,6.636595493544441e-7,7.1642418816675515e-6,1.1459187259724162,NFATC4,NFATC4,Mayor en MASH
ENSG00000167779,47.97666541558559,0.2678142236310939,4.969444511673666,6.714498173331809e-7,7.242562691027305e-6,1.0867235549554468,IGFBP6,IGFBP6,Mayor en MASH
ENSG00000151725,38.41810959017979,0.27896007010906065,4.962855813781224,6.946415073786084e-7,7.457067474531499e-6,1.1127365286866855,CENPU,CENPU,Mayor en MASH
ENSG00000077152,10.643926851080236,0.3257563314513531,4.9553386003474165,7.220443763427329e-7,7.714534114089641e-6,1.214051966889072,UBE2T,UBE2T,Mayor en MASH
ENSG00000054267,619.0020658859914,0.47272529866989843,4.947722217418323,7.508696029806371e-7,7.972173972979517e-6,1.3319937738164804,ARID4B,ARID4B,Mayor en MASH
ENSG00000184611,6.747011260632792,0.4470855694089243,-4.924133646723796,8.473491289135271e-7,8.864424388023506e-6,-1.3715269626740794,KCNH7,KCNH7,Menor en MASH
ENSG00000164109,23.206534779560034,0.2491847083432982,4.920051922354121,8.65212569127632e-7,9.023407202065296e-6,1.0274805354015342,MAD2L1,MAD2L1,Mayor en MASH
ENSG00000129009,168.02577648562257,0.25454737088051743,4.901326802140222,9.519155113012648e-7,9.806758201282514e-6,1.0369281338057235,ISLR,ISLR,Mayor en MASH
ENSG00000118420,31.365268158239243,0.3208132375771926,4.886385873064465,1.0270381601270838e-6,1.0492841942370062e-5,1.1804003702883192,UBE3D,UBE3D,Mayor en MASH
ENSG00000134339,670.1088107560241,0.4353963844763086,4.882090932208042,1.0496682893623846e-6,1.0691767970728819e-5,1.3059930503755832,SAA2,SAA2,Mayor en MASH
ENSG00000173432,2280.859587457831,0.3780324313588965,4.873555926752139,1.0960721972890288e-6,1.1081052527783109e-5,1.2598313183659728,SAA1,SAA1,Mayor en MASH
ENSG00000182600,254.62706964394684,0.247804573704315,4.86997035319421,1.1161499382591615e-6,1.1275613219562886e-5,1.0114487701026311,SNORC,SNORC,Mayor en MASH
ENSG00000091986,184.0191273467324,0.3433835202435057,4.868194462106823,1.1262247937168355e-6,1.135197694158213e-5,1.2138763822157532,CCDC80,CCDC80,Mayor en MASH
ENSG00000185900,14.075447389129442,0.4888442614097788,-4.867495984676926,1.1302112739487054e-6,1.1375219342337267e-5,-1.3419796639296317,POMK,POMK,Menor en MASH
ENSG00000175832,10.003478241447331,0.40881443972977854,4.86507542257982,1.1441316859522053e-6,1.1489696315085313e-5,1.2939928106513328,ETV4,ETV4,Mayor en MASH
ENSG00000181019,26.62040183875059,0.25012155440335143,4.86334676871321,1.1541738258533621e-6,1.157337117079775e-5,1.0166419016610972,NQO1,NQO1,Mayor en MASH
ENSG00000159212,18.004033125077246,0.3555531345609736,4.853754257179249,1.2114584400957295e-6,1.2076224523988137e-5,1.2282391561224302,CLIC6,CLIC6,Mayor en MASH
ENSG00000101605,116.11657922576141,0.29879141274756227,4.8510388221375225,1.228165012847986e-6,1.2224757190384695e-5,1.1306040680743634,MYOM1,MYOM1,Mayor en MASH
ENSG00000138587,19.858510121028807,0.449119058775364,4.845286864493142,1.2642887073649167e-6,1.2547416592081288e-5,1.3142512903017909,MNS1,MNS1,Mayor en MASH
ENSG00000111341,154.488537133512,0.252470508599179,4.83682933992631,1.3192660321729275e-6,1.2984000277348507e-5,1.0178173695348571,MGP,MGP,Mayor en MASH
ENSG00000108821,2231.2307194538575,0.3772024811007594,4.828517394131126,1.3755332085792667e-6,1.3454185725821917e-5,1.2474659057978497,COL1A1,COL1A1,Mayor en MASH
ENSG00000103313,8.50137690035322,0.5266182576414573,-4.827482837748831,1.3826960042328547e-6,1.3514480728736574e-5,-1.3887056557778572,MEFV,MEFV,Menor en MASH
ENSG00000156966,19.244243710045914,0.2548515709212998,-4.826264913960519,1.3911743255554072e-6,1.3587537406236325e-5,-1.0262268196332454,B3GNT7,B3GNT7,Menor en MASH
ENSG00000135226,6.470340137546617,0.5574935434581806,4.82480362588535,1.4014127626768087e-6,1.3677667316767094e-5,1.3455828507666399,UGT2B28,UGT2B28,Mayor en MASH
ENSG00000177688,13.746132824208438,0.6114759246659071,4.822544902374631,1.4173810876543436e-6,1.3823550276352198e-5,1.2703259496198172,SUMO4,SUMO4,Mayor en MASH
ENSG00000156886,50.38039884189074,0.6222838909211617,-4.818784914046658,1.4443515715730945e-6,1.40522945727977e-5,-1.3415099132798496,ITGAD,ITGAD,Menor en MASH
ENSG00000188112,14.910299699615813,0.5182349917060214,4.816926736086076,1.4578618592021743e-06,1.4147007876716727e-5,1.308065907298594,C6orf132,C6orf132,Mayor en MASH
ENSG00000125351,209.74355775000313,0.49668659061384934,4.808949687932355,1.5172538446385467e-6,1.4608154548273122e-5,1.2966044847372664,UPF3B,UPF3B,Mayor en MASH
ENSG00000138778,19.048266751083368,0.3973122893672887,4.801251426045852,1.5767714788476402e-6,1.513812447458192e-5,1.2652194325120807,CENPE,CENPE,Mayor en MASH
ENSG00000234545,167.9563979542536,0.503473581657345,4.797431312375639,1.60713293737871e-6,1.541868077483742e-5,1.2931573002274879,FAM133B,FAM133B,Mayor en MASH
ENSG00000060339,567.0764227043551,0.3685413028293323,4.793888389825323,1.6357930391304589e-6,1.566034679682392e-5,1.2287581658447695,CCAR1,CCAR1,Mayor en MASH
ENSG00000179399,17.080368496078524,0.3799804073318853,-4.773896737611355,1.806950574841229e-6,1.717745079468098e-5,-1.2623172055108245,GPC5,GPC5,Menor en MASH
ENSG00000154127,30.10934485067715,0.25145663563463067,-4.7638822214639225,1.8990337531365376e-6,1.7914438965999517e-5,-1.0029989445904635,UBASH3B,UBASH3B,Menor en MASH
ENSG00000124875,12.890923225358085,0.4371341686466745,4.761151758033229,1.9249122723693564e-6,1.8133289791972148e-5,1.280310096177949,CXCL6,CXCL6,Mayor en MASH
ENSG00000137673,19.609662758120123,0.39602751423970833,4.7584494548950005,1.950857282709637e-6,1.8364920052879246e-5,1.2513134792186296,MMP7,MMP7,Mayor en MASH
ENSG00000152404,353.82130156465644,0.4284763353190141,4.7572669910428935,1.9623155706165517e-6,1.8459948491616578e-5,1.2702515915551096,CWF19L2,CWF19L2,Mayor en MASH
ENSG00000130294,24.441788501719643,0.298963257744246,-4.756747589312736,1.967369078438477e-6,1.8494635565848376e-5,-1.1153284450248167,KIF1A,KIF1A,Menor en MASH
ENSG00000107317,68.61068300478335,0.46637149580189596,4.754948135992176,1.9849736846367167e-6,1.8634250186496e-5,1.2836257792546555,PTGDS,PTGDS,Mayor en MASH
ENSG00000153914,502.9839394205862,0.45505326654532374,4.745178628179924,2.08322414889971e-6,1.947555614893327e-5,1.2772034408901467,SREK1,SREK1,Mayor en MASH
ENSG00000122483,55.529711744029306,0.5107068532277924,4.735182530033806,2.188580398328944e-6,2.0306245957627768e-5,1.2793915254960304,CCDC18,CCDC18,Mayor en MASH
ENSG00000171224,10.804302784341925,0.35910993296424454,4.7326371007058805,2.2162151264131828e-6,2.048499697369292e-5,1.210840420957539,FAM241B,FAM241B,Mayor en MASH
ENSG00000140090,4.726383760046651,0.5023262942409626,-4.7238690519393485,2.3139944686075704e-6,2.12513861068797e-5,-1.3504932779831418,SLC24A4,SLC24A4,Menor en MASH
ENSG00000180871,21.036647188081112,0.41054995947905676,-4.712497600531256,2.4469896314266583e-6,2.2381688270690995e-5,-1.2685661194807805,CXCR2,CXCR2,Menor en MASH
ENSG00000120688,250.38959068027913,0.2805768541428793,4.706304683912979,2.522474305799447e-6,2.2978960079143417e-05,1.0578934829768842,WBP4,WBP4,Mayor en MASH
ENSG00000100526,10.699908808048582,0.35128228377324316,4.70187605434515,2.5778197061471934e-6,2.3373465864005014e-5,1.1922662367113326,CDKN3,CDKN3,Mayor en MASH
ENSG00000115641,52.76451079436569,0.273883435085557,4.697486074423212,2.6338313580095098e-6,2.383300474156065e-5,1.0410849342773199,FHL2,FHL2,Mayor en MASH
ENSG00000203872,10.969971244450718,0.7162108253858744,4.692084098289505,2.7043590990575456e-6,2.4388647208705636e-5,1.154280334159154,C6orf163,C6orf163,Mayor en MASH
ENSG00000164061,24.94622472269029,0.2881403846817428,-4.691713862629611,2.709258660729741e-6,2.4401353619626415e-5,-1.0782428942229894,BSN,BSN,Menor en MASH
ENSG00000197279,10.438727051842017,0.3936192677667518,4.671757106331584,2.9863398281560037e-6,2.6578620811142553e-5,1.2309053660972777,ZNF165,ZNF165,Mayor en MASH
ENSG00000147257,31.004382058340997,0.44275136574030205,4.666765882739518,3.0597762802081455e-6,2.709297810170412e-5,1.2548681456857453,GPC3,GPC3,Mayor en MASH
ENSG00000166762,9.971276657872275,0.5389167656950927,4.651052346515574,3.302454814993837e-6,2.878643324569966e-5,1.269127842393213,CATSPER2,CATSPER2,Mayor en MASH
ENSG00000060982,31.996774006268836,0.34520464728469,4.649250352947144,3.3314364338957694e-6,2.902037001650388e-5,1.1616943299247033,BCAT1,BCAT1,Mayor en MASH
ENSG00000126603,47.84073172744999,0.2839574326192975,4.645269019399783,3.396335831302787e-6,2.9509754909079477e-5,1.0530149393155306,GLIS2,GLIS2,Mayor en MASH
ENSG00000053702,13.704019958509967,0.4397449364707965,4.632797429988465,3.607574953516758e-6,3.102651978764698e-5,1.2543318977312459,NRIP2,NRIP2,Mayor en MASH
ENSG00000266967,6.2695849692369245,0.8918891642582552,4.628293527237082,3.6869119903996398e-6,3.156845516384562e-5,1.0205459305746412,AARSD1,AARSD1,Mayor en MASH
ENSG00000129038,25.16379495749465,0.37939702970089006,4.622900409754103,3.7841142410790546e-6,3.2359794366068956e-5,1.2021499356628518,LOXL1,LOXL1,Mayor en MASH
ENSG00000139372,88.88316475312173,0.31900265711832965,4.620743043388791,3.8236811573052856e-6,3.263630001667191e-5,1.1138978450275148,TDG,TDG,Mayor en MASH
ENSG00000070404,77.55032146172405,0.2672611359955522,4.606178504068373,4.101363576618099e-6,3.472180033563427e-5,1.004215178033431,FSTL3,FSTL3,Mayor en MASH
ENSG00000280433,10.731021559395876,0.31888108137252025,4.603835245835916,4.147806403974828e-6,3.5049223027844723e-05,1.1124070936541863,LOC102724200,LOC102724200,Mayor en MASH
ENSG00000103550,181.6955158055249,0.28368210020738244,4.594394016787261,4.340086380332453e-6,3.65605189411719e-5,1.0394419384233136,KNOP1,KNOP1,Mayor en MASH
ENSG00000160050,14.825009519828907,0.31385189872850666,4.589428174397609,4.444618985786301e-6,3.7347490509366326e-5,1.1010918116166173,CCDC28B,CCDC28B,Mayor en MASH
ENSG00000116754,902.7087986686839,0.4869647014441265,4.582470574292042,4.59514386454407e-6,3.837412862081004e-5,1.2390293029004793,SRSF11,SRSF11,Mayor en MASH
ENSG00000171659,36.42795082918292,0.3048745630404919,-4.5753407714173955,4.754454583363635e-6,3.938138893832692e-5,-1.084047443496356,GPR34,GPR34,Menor en MASH
ENSG00000162614,75.9130168407674,0.461916119208748,4.569811000099225,4.881642533743448e-6,4.019634731100064e-5,1.2354480061247175,NEXN,NEXN,Mayor en MASH
ENSG00000108848,1176.406993568282,0.5044156506143013,4.562279721029301,5.06011706113799e-6,4.148928204519986e-5,1.2323802123908256,LUC7L3,LUC7L3,Mayor en MASH
ENSG00000237649,8.700266746431085,0.3077854331331447,4.560650014835304,5.099551529920217e-6,4.1736776941070116e-5,1.0842081664671963,KIFC1,KIFC1,Mayor en MASH
ENSG00000101412,22.534149345506282,0.35161980308133145,4.560739866002601,5.097369731788283e-6,4.1736776941070116e-5,1.1532124114424154,E2F1,E2F1,Mayor en MASH
ENSG00000134873,48.78295071006393,0.30317537338147593,4.560445361704037,5.104524328896147e-6,4.175223313611307e-5,1.0720588695023574,CLDN10,CLDN10,Mayor en MASH
ENSG00000187608,456.7581281555824,0.30085949242125704,4.556925216344527,5.190789498560426e-6,4.240658867954888e-5,1.065901306359389,ISG15,ISG15,Mayor en MASH
ENSG00000148671,1057.1550750034437,0.27895123546047296,4.545525785570205,5.479828774822189e-6,4.452607570514284e-5,1.0183522845081872,ADIRF,ADIRF,Mayor en MASH
ENSG00000139352,13.994925297872461,0.9355203260443615,4.545254873583922,5.48688190388193e-6,4.45566408715355e-5,1.0268843444813172,ASCL1,ASCL1,Mayor en MASH
ENSG00000164220,38.66334795139405,0.420609232653964,-4.543326529703109,5.537337557338951e-6,4.487656895826662e-5,-1.2434898700623334,F2RL2,F2RL2,Menor en MASH
ENSG00000166394,53.49463134206787,0.29005296364393984,4.538891484609035,5.65507270172203e-6,4.5703115918334995e-05,1.0421060435696115,CYB5R2,CYB5R2,Mayor en MASH
ENSG00000111247,15.505190202110786,0.32553438106005383,4.53272865488872,5.822659217237682e-6,4.6945406684780516e-5,1.1081516331381311,RAD51AP1,RAD51AP1,Mayor en MASH
ENSG00000165525,468.3328137888909,0.4242991988623516,4.531310165683321,5.861899868882614e-6,4.723365388396663e-5,1.2093083556078508,NEMF,NEMF,Mayor en MASH
ENSG00000140835,61.82076972429053,0.2894880050972418,4.522153679036691,6.121358921693729e-6,4.903244717335386e-5,1.0352488442504946,CHST4,CHST4,Mayor en MASH
ENSG00000179750,6.516193139919029,0.47963420339923785,4.522231796915714,6.119099589439309e-6,4.903244717335386e-5,1.2449700198792693,APOBEC3B,APOBEC3B,Mayor en MASH
ENSG00000175643,22.611079982909374,0.41817006215929614,4.519772719783617,6.1906054579424684e-6,4.944084134759127e-5,1.212152458260002,RMI2,RMI2,Mayor en MASH
ENSG00000171631,22.653589041267594,0.28397763971048817,-4.519029954562659,6.2123606002275014e-6,4.958533339933944e-5,-1.0278255679076218,P2RY6,P2RY6,Menor en MASH
ENSG00000079689,43.33218332085112,0.37760430188118893,4.517568917962224,6.255367141139965e-6,4.9869790924388517e-5,1.1711217014271034,SCGN,SCGN,Mayor en MASH
ENSG00000198542,73.6814727215946,0.350321920411492,4.510738116807368,6.460243742826826e-6,5.1321783771506306e-5,1.1357876499704898,ITGBL1,ITGBL1,Mayor en MASH
ENSG00000163606,17.215091161482338,0.34510227812047234,-4.510208106883505,6.4764059566392926e-6,5.142000436071912e-5,-1.1446298355207378,CD200R1,CD200R1,Menor en MASH
ENSG00000188959,15.414584594635858,0.3890832431866765,4.505299720452315,6.627932556314034e-6,5.240789895725647e-5,1.182972234778782,C9orf152,C9orf152,Mayor en MASH
ENSG00000269028,31.514074004207036,0.3053875449667312,4.503109162819785,6.696646378399562e-6,5.2920316418210665e-5,1.058950022334332,NA,ENSG00000269028,Mayor en MASH
ENSG00000168993,45.01852654821875,0.2785172947767835,-4.498640177195933,6.838949620216645e-6,5.391896389567427e-5,-1.011547514283285,CPLX1,CPLX1,Menor en MASH
ENSG00000227507,60.45457923211434,0.3177017996470006,4.478543450599394,7.515407447712523e-6,5.846900610326691e-5,1.076694073694793,LTB,LTB,Mayor en MASH
ENSG00000166592,18.220341962047254,0.3992737738419248,4.475483274166427,7.623866736573588e-6,5.9108982825313095e-5,1.1827441195275248,RRAD,RRAD,Mayor en MASH
ENSG00000166897,10.487919912192762,0.5049132537308704,4.466234975264139,7.960817174514527e-6,6.143989856978514e-5,1.2299480470297948,ELFN2,ELFN2,Mayor en MASH
ENSG00000123200,1038.2082983721148,0.47663141293394035,4.465093083876839,8.003394788472507e-6,6.169815219336694e-5,1.208516180751183,ZC3H13,ZC3H13,Mayor en MASH
ENSG00000160062,39.60738787523127,0.30769397866461407,4.464637412383126,8.020446070438892e-6,6.17944100486803e-5,1.055313651655996,ZBTB8A,ZBTB8A,Mayor en MASH
ENSG00000106258,2425.973674910979,0.4248054673161378,4.456032458299036,8.34903966895258e-6,6.38897399652974e-5,1.1899255024625115,CYP3A5,CYP3A5,Mayor en MASH
ENSG00000213347,12.412498992450619,0.3967412175607587,4.450583345093539,8.563734955566566e-6,6.54217156283886e-5,1.1703967380447213,MXD3,MXD3,Mayor en MASH
ENSG00000165646,7.78209840874257,0.43650575987230256,-4.4442645909408505,8.819301425552266e-6,6.70712828076972e-5,-1.22392603697586,SLC18A2,SLC18A2,Menor en MASH
ENSG00000135541,77.46764408698186,0.3237858238279321,4.442823950733523,8.878581046464495e-6,6.748419518584495e-5,1.0779680613706597,AHI1,AHI1,Mayor en MASH
ENSG00000032219,796.130270360291,0.45201151373214604,4.438019816060479,9.079026246113106e-6,6.873789737065775e-5,1.1968147535161857,ARID4A,ARID4A,Mayor en MASH
ENSG00000113361,29.25406622681522,0.3074455690893753,4.430460843209161,9.403192106576489e-6,7.09142125608501e-5,1.0486400111761593,CDH6,CDH6,Mayor en MASH
ENSG00000183354,353.15628698031975,0.4356230369630966,4.427905627200866,9.515251493160762e-6,7.163957700940892e-5,1.1882103889632607,BRD10,BRD10,Mayor en MASH
ENSG00000001626,70.3124308697622,0.33845418740233424,4.409397638752711,1.0365853976048996e-5,7.707214438454063e-5,1.0936632881973354,CFTR,CFTR,Mayor en MASH
ENSG00000170476,39.23116148903527,0.45595898004792473,4.400588092649898,1.079578877258768e-5,7.99467136840916e-5,1.1934999167013,MZB1,MZB1,Mayor en MASH
ENSG00000158089,14.366260223483202,0.28393509061574057,-4.386039006376502,1.1543342988477565e-5,8.497130725123479e-5,-1.000741954202231,GALNT14,GALNT14,Menor en MASH
ENSG00000101307,27.85343408961811,0.4264602927899676,-4.378227154447056,1.1964860946382028e-5,8.759779482486399e-5,-1.2033667791119178,SIRPB1,SIRPB1,Menor en MASH
ENSG00000112562,23.017784311854754,0.40944205317072563,4.377026778714388,1.2030919794631382e-5,8.79862567584684e-5,1.1644843207927384,SMOC2,SMOC2,Mayor en MASH
ENSG00000266173,20.798812011028943,0.3346375749316569,4.376664403305775,1.205093027343942e-5,8.808501247923835e-5,1.0733645206241835,STRADA,STRADA,Mayor en MASH
ENSG00000092853,13.715747473800668,0.57728087295109,4.36682660588847,1.2606472549495205e-5,9.155247795199388e-5,1.1808383532699651,CLSPN,CLSPN,Mayor en MASH
ENSG00000014914,14.87742967716162,0.3739118329365633,4.366407331402557,1.2630683813662473e-5,9.167912428179566e-5,1.1309962464067087,MTMR11,MTMR11,Mayor en MASH
ENSG00000125735,70.40602978857245,0.3232137561881223,4.366006026017765,1.2653898993371008e-5,9.179840872093427e-5,1.0586271670374934,TNFSF14,TNFSF14,Mayor en MASH
ENSG00000269113,87.78007723018963,0.34130393511664336,-4.361353953187185,1.29260063926496e-5,9.327257384717358e-5,-1.096286870272653,TRABD2B,TRABD2B,Menor en MASH
ENSG00000087085,35.773260969974515,0.40167866673408925,4.361236811398801,1.2932929746401447e-5,9.327281298723303e-5,1.1518392437597391,ACHE,ACHE,Mayor en MASH
ENSG00000198435,12.331844666257716,0.37945582863087024,-4.356090186478161,1.3240623956330612e-5,9.522531344812513e-5,-1.148706306865487,NRARP,NRARP,Menor en MASH
ENSG00000169062,191.3766842095075,0.3186092836579277,4.355101874259509,1.3300504696865844e-5,9.546096845951034e-5,1.049387589219213,UPF3A,UPF3A,Mayor en MASH
ENSG00000105327,28.110739895096025,0.38017610913463806,4.352655119434618,1.344986436644509e-5,9.633376398336888e-5,1.1312702890584303,BBC3,BBC3,Mayor en MASH
ENSG00000204172,13.208941629865365,0.4948947264290355,4.351865266251888,1.3498420818607457e-5,9.663041915467432e-5,1.1890466084000977,AGAP9,AGAP9,Mayor en MASH
ENSG00000174529,19.84638379219133,0.2962625794596774,4.350414739940695,1.3588028189224805e-5,9.7117812881486893e-05,1.0084958955365935,TMEM81,TMEM81,Mayor en MASH
ENSG00000164045,13.475775919407035,0.34445386810644607,4.347831977178414,1.3748986735415465e-5,9.800949628084211e-5,1.0907519909461274,CDC25A,CDC25A,Mayor en MASH
ENSG00000104218,223.11078629406097,0.47059747903258475,4.344867724328964,1.3935961237199739e-5,9.915190598231242e-5,1.1772248341759428,CSPP1,CSPP1,Mayor en MASH
ENSG00000137776,974.165369109974,0.30209372470154294,4.314440231678059,1.6000781433892592e-5,1.1205513619793276e-4,1.0115921723849703,SLTM,SLTM,Mayor en MASH
ENSG00000115355,581.1616952554532,0.41957773891343697,4.310995496536134,1.6252121593417856e-5,1.1369765891994704e-4,1.1494122308630554,CCDC88A,CCDC88A,Mayor en MASH
ENSG00000105550,34.48181907461423,0.4045698478475211,4.3078223780748965,1.6486969647916872e-5,1.1510268598445111e-4,1.141073856840991,FGF21,FGF21,Mayor en MASH
ENSG00000179921,25.118802345811858,0.32282502012670267,-4.305248840657565,1.6679813527894058e-5,1.1632902407372585e-4,-1.0544631017339152,GPBAR1,GPBAR1,Menor en MASH
ENSG00000165125,9.920477465412164,0.5161971470908909,4.298614439608982,1.7186915334625283e-5,1.1931244763324228e-4,1.178562120983722,TRPV6,TRPV6,Mayor en MASH
ENSG00000162747,25.111310476984354,0.44775286119594304,-4.298337091808652,1.720843117323847e-5,1.1940058062128609e-4,-1.1859462141113795,FCGR3B,FCGR3B,Menor en MASH
ENSG00000124766,117.34291301569517,0.3601946454666714,4.294987211063158,1.7470340744087467e-5,1.2096982232875297e-4,1.093308527937069,SOX4,SOX4,Mayor en MASH
ENSG00000171747,1458.0908913473384,0.41434359782496416,4.294424697041332,1.7514691537655666e-05,1.2115297871499476e-4,1.141783176989372,LGALS4,LGALS4,Mayor en MASH
ENSG00000135407,11.653947198958356,0.5364406897284026,4.280443590427927,1.865211617175258e-5,1.2792208524674576e-4,1.6460414557830723,AVIL,AVIL,Mayor en MASH
ENSG00000254122,28.821171647809933,0.30924102188713687,-4.270868430756722,1.9471326016246728e-5,1.3278757696822769e-4,-1.0207244280796126,PCDHGB7,PCDHGB7,Menor en MASH
ENSG00000164114,26.97145480187048,0.4775572995534852,4.269455814334174,1.9595046142159614e-5,1.3329554755096216e-4,1.1629559084969858,MAP9,MAP9,Mayor en MASH
ENSG00000103546,36.89566677481821,0.6899457305042208,4.2668916717270555,1.982153472305497e-5,1.3476851609542698e-4,1.0557222823816568,SLC6A2,SLC6A2,Mayor en MASH
ENSG00000008226,3.5480538484266524,0.5186140000849043,-4.265974863023918,1.990311903233058e-5,1.351196200304208e-4,-1.2359798964794655,DLEC1,DLEC1,Menor en MASH
ENSG00000167680,57.54174132591358,0.3066312799158117,-4.246482138340522,2.171530830129222e-5,1.459583557470669e-4,-1.0077117271192721,SEMA6B,SEMA6B,Menor en MASH
ENSG00000160352,10.415813760097205,0.5957199347751271,4.241702396668367,2.2183071561430207e-5,1.486595246173667e-4,1.1382372247122856,ZNF714,ZNF714,Mayor en MASH
ENSG00000138722,79.96111421867259,0.4539474112788992,-4.240037783044876,2.234821668850601e-5,1.4932270943351719e-4,-1.178972080034561,MMRN1,MMRN1,Menor en MASH
ENSG00000198467,117.85033755621843,0.33107525883505307,4.236098424650551,2.274371139866975e-5,1.5144201731617926e-4,1.0403879222087655,TPM2,TPM2,Mayor en MASH
ENSG00000187068,10.059472048884134,0.33025207966848436,-4.231841407365969,2.317858269143687e-5,1.5380807543822594e-4,-1.050117429847442,C3orf70,C3orf70,Menor en MASH
ENSG00000008517,2410.5705113195454,0.41060323261930165,4.226895696301405,2.3693742928545897e-5,1.570725749381615e-4,1.121804107679288,IL32,IL32,Mayor en MASH
ENSG00000010030,26.092060195696988,0.36235242254403727,4.2258430225162575,2.380479002373077e-5,1.5734640749572433e-4,1.0807954455748856,ETV7,ETV7,Mayor en MASH
ENSG00000144362,11.329338344768038,0.31308266642511967,4.223703756869014,2.4031989853058092e-5,1.586931934833402e-4,1.0109639970630977,PHOSPHO2,PHOSPHO2,Mayor en MASH
ENSG00000262655,31.42905150649143,0.31648648657147493,4.219461506155429,2.448865290698505e-5,1.6100189140449568e-4,1.0142589143587666,SPON1,SPON1,Mayor en MASH
ENSG00000181826,14.784517933617229,0.42443733066373523,-4.209148306991865,2.5633510008318092e-5,1.67390653633672e-4,-1.1433925381658883,RELL1,RELL1,Menor en MASH
ENSG00000140937,19.95371738552884,0.31054560021380956,4.20873798008968,2.568009679788386e-5,1.6761401656362288e-4,1.0039779254232912,CDH11,CDH11,Mayor en MASH
ENSG00000171943,31.377742211838072,0.34618059703933535,4.204473305072259,2.616908204607024e-5,1.7047683525392342e-4,1.0535451889971332,SRGAP2C,SRGAP2C,Mayor en MASH
ENSG00000129810,7.688316796001054,0.4483693678482601,4.195907303290734,2.7178139414332905e-5,1.7620233393286617e-4,1.1504070130046802,SGO1,SGO1,Mayor en MASH
ENSG00000185347,177.5544403679496,0.31819544599889144,4.195395633872271,2.7239569347916033e-5,1.7651606044171342e-4,1.0109388764616227,TEDC1,TEDC1,Mayor en MASH
ENSG00000182986,19.22700956330361,0.34068242339757127,4.189344903172508,2.7976091489502268e-5,1.8094235570635078e-4,1.0396064959475162,ZNF320,ZNF320,Mayor en MASH
ENSG00000006611,12.744707805849737,0.38722753480984734,4.183733997455637,2.867596299432489e-5,1.8476273729375347e-4,1.0950477957669351,USH1C,USH1C,Mayor en MASH
ENSG00000073861,11.256764184366212,0.34629672197250844,-4.183405621639801,2.871743400135366e-5,1.8494191440357967e-4,-1.0581408148099722,TBX21,TBX21,Menor en MASH
ENSG00000254245,9.679875567414202,0.4044958604898931,-4.169857943872059,3.0478956171976996e-5,1.9489543207371404e-4,-1.1187527065063805,PCDHGA3,PCDHGA3,Menor en MASH
ENSG00000134258,12.504318612059198,0.44697895945549004,4.168852934131042,3.061364332989509e-5,1.9557191588333642e-4,1.1363147134860363,VTCN1,VTCN1,Mayor en MASH
ENSG00000119707,1099.224929949348,0.5019994679465839,4.162478525040661,3.14811756786992e-5,2.0026347517037175e-4,1.1306780716273064,RBM25,RBM25,Mayor en MASH
ENSG00000232593,41.28449175823775,0.5384205444565574,4.162044528480447,3.1541082486664155e-5,2.0055032110003412e-4,1.1238624633786423,KANTR,KANTR,Mayor en MASH
ENSG00000196090,14.959720952534507,0.3924996392530521,-4.159157177308361,3.194240471834728e-5,2.0272120612858284e-4,-1.1107267447217806,PTPRT,PTPRT,Menor en MASH
ENSG00000111671,34.7555571629906,0.3218812715781418,4.157858877146659,3.212443657063032e-5,2.03685479089753e-4,1.0075514216752368,SPSB2,SPSB2,Mayor en MASH
ENSG00000185915,7.063310060722044,0.7051690813969692,4.144614674660431,3.403855867542335e-5,2.1371983710074483e-4,1.0577433930277345,KLHL34,KLHL34,Mayor en MASH
ENSG00000196104,3.567806370130068,0.6536899896905565,-4.138970371810709,3.488679958545667e-5,2.183368497403268e-4,-1.2023770458037366,SPOCK3,SPOCK3,Menor en MASH
ENSG00000179532,27.085064601511135,0.4987413216917302,4.137096295591351,3.517285269303089e-5,2.198222100210338e-4,1.1206719317964127,DNHD1,DNHD1,Mayor en MASH
ENSG00000165548,4.587543984785055,0.4752800395601965,-4.131348642221043,3.606411190350837e-5,2.2466630595388532e-4,-1.1682593086678523,TMEM63C,TMEM63C,Menor en MASH
ENSG00000205795,36.51616589091051,0.331629267927192,4.126100006777483,3.6896687044595275e-5,2.296415873667523e-4,1.0142762177807187,CYS1,CYS1,Mayor en MASH
ENSG00000106686,18.52335558487725,0.4477968713112813,4.124409331418641,3.7168737117328724e-5,2.310161590253806e-4,1.1082930264241428,SPATA6L,SPATA6L,Mayor en MASH
ENSG00000175920,26.52126958967655,0.43459318062318086,4.123864244301583,3.7256853426041625e-5,2.3145756072892406e-4,1.1096163475978447,DOK7,DOK7,Mayor en MASH
ENSG00000104413,10.154823657483549,0.3690815060658512,4.12118142749188,3.769344320221319e-5,2.3338199625879538e-4,1.0614199099045267,ESRP1,ESRP1,Mayor en MASH
ENSG00000163406,7.188031839014738,0.4249141759620908,-4.118345071720897,3.8160298797435146e-5,0.00023609504790716618,-1.1186514980138371,SLC15A2,SLC15A2,Menor en MASH
ENSG00000126709,1127.9545774757996,0.4589051532726172,4.106307770366409,4.020337367046897e-5,2.472625452855697e-4,1.112333922092426,IFI6,IFI6,Mayor en MASH
ENSG00000101311,11.377765621713918,0.38829128429023263,4.105352676318937,4.036985004959975e-5,2.4801175915989355e-4,1.0805777540319048,FERMT1,FERMT1,Mayor en MASH
ENSG00000113971,39.51391857344599,0.584314010144186,4.0910007410143505,4.295157590316913e-5,2.617899518240435e-4,1.090182430161949,NPHP3,NPHP3,Mayor en MASH
ENSG00000173198,17.307865239103098,0.37057671661073627,-4.078636683804821,4.5300566094257886e-5,2.743775226926036e-4,-1.0667808850547509,CYSLTR1,CYSLTR1,Menor en MASH
ENSG00000167741,8.791734503613107,0.45773235294776415,4.071751634605225,4.6660917854172946e-5,2.809825822917879e-4,1.112827257505106,GGT6,GGT6,Mayor en MASH
ENSG00000186047,4.073203889878832,0.49328810137997897,-4.070302520936318,4.695212706333011e-5,2.824848640250221e-4,-1.1625193449048534,DLEU7,DLEU7,Menor en MASH
ENSG00000138398,1310.1544053695648,0.39376721989232877,4.06574279869471,4.787971741549685e-5,2.874269333275303e-4,1.0676262467357165,PPIG,PPIG,Mayor en MASH
ENSG00000159640,29.17814814769617,0.35142919495020575,-4.063629960838004,4.831540106658815e-5,2.8952881108384413e-4,-1.0368300579146503,ACE,ACE,Menor en MASH
ENSG00000177076,7.570471921937829,0.3757053005410133,-4.062327859104918,4.858577370944106e-5,2.9050601532893273e-4,-1.0682894788924715,ACER2,ACER2,Menor en MASH
ENSG00000184292,28.30631346260647,0.3659752507799176,4.059113045999505,4.925946353297473e-5,2.942742091111557e-4,1.0418640090336573,TACSTD2,TACSTD2,Mayor en MASH
ENSG00000163464,10.522259528282708,0.43818166728156516,-4.056153259471129,4.988753163033925e-5,2.975011082290319e-4,-1.1097796672541578,CXCR1,CXCR1,Menor en MASH
ENSG00000157168,67.90831580674235,0.3371649542559899,4.043524666149977,5.265361398588007e-5,3.1152621176873185e-4,1.001719453438385,NRG1,NRG1,Mayor en MASH
ENSG00000276600,15.665868369395042,0.3864589549786796,4.043083306061686,5.2752866927527154e-5,3.1197709025685235e-4,1.0614028091103633,RAB7B,RAB7B,Mayor en MASH
ENSG00000123095,13.881312134827681,0.34785927871005407,4.036259422777529,5.431016137703597e-5,3.197037318068014e-4,1.0170494149249767,BHLHE41,BHLHE41,Mayor en MASH
ENSG00000173209,31.119829520322096,0.27015481542736064,4.021503981709446,5.782773034497299e-5,3.371201305182636e-4,1.1868513521005861,NA,ENSG00000173209,Mayor en MASH
ENSG00000243989,24.41242867777087,0.5236412236716134,4.020396080995153,5.810037447178708e-5,3.382816211718631e-4,1.0924279765728453,ACY1,ACY1,Mayor en MASH
ENSG00000213759,22.43684976558341,0.38093157867580674,4.016352702918056,5.9105777383208666e-5,3.435444003591652e-4,1.047508528246983,UGT2B11,UGT2B11,Mayor en MASH
ENSG00000162068,14.741660403895375,0.3964054078576864,-4.013873100370789,5.9730467402003236e-5,3.4672870378255484e-4,-1.0782498316615825,NTN3,NTN3,Menor en MASH
ENSG00000163568,6.862177885036192,0.5063018626668347,-3.9916674736576194,6.561032923055982e-5,3.7569825342814543e-4,-1.1429476259935458,AIM2,AIM2,Menor en MASH
ENSG00000262209,2.488258463745298,0.5650082595055658,-3.9894803281229585,6.621821041080917e-5,3.7838578063787413e-4,-1.1840139419637303,PCDHGB3,PCDHGB3,Menor en MASH
ENSG00000125966,13.75918767247564,0.3697343612888919,3.9832825374515743,6.796986738325977e-5,3.859513820332162e-4,1.0322709984671457,MMP24,MMP24,Mayor en MASH
ENSG00000187773,9.745831192644106,0.4769043226640544,-3.9774965842230414,6.96446229530648e-5,3.9315231898066644e-4,-1.1224658686677784,DIPK1C,DIPK1C,Menor en MASH
ENSG00000182963,10.770013794439679,0.40530389870867467,3.9699914479889995,7.187521156826363e-5,4.0372395809111397e-4,1.0556203625452862,GJC1,GJC1,Mayor en MASH
ENSG00000127564,8.538335168867208,0.4603150952155972,3.959977539471294,7.495681296106665e-5,4.198139747844267e-4,1.0867277019132027,PKMYT1,PKMYT1,Mayor en MASH
ENSG00000102287,14.103478416500733,0.5561631382202646,3.956995634308116,7.589831736316426e-5,4.242095467155882e-4,1.0662483685013542,GABRE,GABRE,Mayor en MASH
ENSG00000109805,12.069862607637686,0.45149266858578047,3.9477654742091346,7.88840232584736e-5,4.3800370092287e-4,1.0791258403747173,NCAPG,NCAPG,Mayor en MASH
ENSG00000075223,13.46871920837556,0.6590733495467126,3.944067585438197,8.011106434697693e-5,4.429997867912691e-4,1.024026430169767,SEMA3C,SEMA3C,Mayor en MASH
ENSG00000153976,11.54589467181339,0.38132331852570134,-3.934990463528491,8.319999967778237e-5,4.5876920392592263e-4,-1.0404610242420456,HS3ST3A1,HS3ST3A1,Menor en MASH
ENSG00000189057,25.754058169942972,0.3686012730987442,3.9293751371969745,8.516688619318008e-5,4.6846978398906085e-4,1.0142204741892813,FAM111B,FAM111B,Mayor en MASH
ENSG00000162959,40.82245233674452,0.5202607168579689,3.924759507753612,8.681642559726379e-5,4.758032199636275e-4,1.0689476076385946,MEMO1,MEMO1,Mayor en MASH
ENSG00000144857,8.742489856645077,0.40556488063118645,3.9231607374466773,8.739480149095279e-5,4.787792099486151e-4,1.044203417977182,BOC,BOC,Mayor en MASH
ENSG00000173546,15.129242463677105,0.4468741172251329,3.9200792289228352,8.851986245760805e-5,4.841589406418748e-4,1.064105243278041,CSPG4,CSPG4,Mayor en MASH
ENSG00000254996,11.515815449162671,0.4042011129504243,3.914474313781276,9.060138156723305e-5,4.945447186595296e-4,1.036387131061366,ANKHD1-EIF4EBP3,ANKHD1-EIF4EBP3,Mayor en MASH
ENSG00000198707,81.52403708521985,0.38957333774834896,3.9139869720814167,9.078453584113774e-5,4.95344724579396e-4,1.0247883516614065,CEP290,CEP290,Mayor en MASH
ENSG00000183765,39.8988474427141,0.3651685603761282,3.9107882101940628,9.199541360212331e-5,5.009420410023907e-4,1.0029974433230486,CHEK2,CHEK2,Mayor en MASH
ENSG00000185736,7.249909499166562,0.42914106429605287,-3.8897425740216987,1.0035061574576968e-4,5.416452493422983e-4,-1.054033091804579,ADARB2,ADARB2,Menor en MASH
ENSG00000130513,31.454199791284015,0.45697642959584384,3.8871699875843024,1.014197331849381e-4,5.465441592852337e-4,1.059470864849962,GDF15,GDF15,Mayor en MASH
ENSG00000140519,9.749913740431758,0.4039027082044788,3.864485252210445,1.1132371552420407e-4,5.919046099965242e-4,1.0292683539612815,RHCG,RHCG,Mayor en MASH
ENSG00000122877,8.070633633059659,0.44510086314534936,3.838520038324212,1.2377811462336015e-4,6.482763689478387e-4,1.0435095827805765,EGR2,EGR2,Mayor en MASH
ENSG00000215018,23.611919878739386,0.7142481376173094,-3.833903357305916,1.2612571118471267e-4,6.589593795088596e-4,-1.0497984108075125,COL28A1,COL28A1,Menor en MASH
ENSG00000168671,17.94038127560905,0.41696184070210585,3.8187026259065253,1.3415536568324584e-4,6.920964882828121e-4,1.0265023570611256,UGT3A2,UGT3A2,Mayor en MASH
ENSG00000261934,9.068241604070673,0.390220382386697,-3.815168049673425,1.360902871072848e-4,7.003750001502636e-4,-1.0156978812744777,PCDHGA9,PCDHGA9,Menor en MASH
ENSG00000173391,8.4363476060806,0.5900293071821223,3.8148850089574053,1.3624636278794478e-4,7.007473453876931e-4,1.041330861121992,OLR1,OLR1,Mayor en MASH
ENSG00000186714,10.3752253528496,0.41247353590964325,3.814002832952083,1.3673389908408097e-4,7.027208777149597e-4,1.019675454368039,CCDC73,CCDC73,Mayor en MASH
ENSG00000172780,16.425466170526047,0.4165227622400236,-3.8036532569305055,1.4257771635481687e-4,7.297068227959001e-4,-1.039344510077236,RAB43,RAB43,Menor en MASH
ENSG00000107954,7.079533258494562,0.3530445986145868,-3.7842596577853826,1.5416680576300877e-4,7.801704858369531e-4,-1.4085375156843198,NEURL1,NEURL1,Menor en MASH
ENSG00000164530,6.336518493161903,0.5605635267444337,3.7816620268861736,1.5578477392072372e-4,7.868874942406108e-4,1.046531707272593,PI16,PI16,Mayor en MASH
ENSG00000246922,15.87231180376135,0.5283942135688983,3.780813342278765,1.5631684268753177e-4,7.889862414098127e-4,1.0261570516899041,UBAP1L,UBAP1L,Mayor en MASH
ENSG00000189134,28.19189614814767,0.42888357138173916,3.7740898468776463,1.6059288040105936e-4,8.07557883354064e-4,1.015444077505435,NKAPL,NKAPL,Mayor en MASH
ENSG00000148488,13.477232268358541,0.4269275445667142,-3.75360913780813,1.7430658886890575e-4,8.668583003373906e-4,-1.0227131682946005,ST8SIA6,ST8SIA6,Menor en MASH
ENSG00000213088,9.335176142812502,0.520841691565179,3.7486626512941275,1.7778002565387464e-4,8.818644951544526e-4,1.0276817456873175,ACKR1,ACKR1,Mayor en MASH
ENSG00000167311,6.735818977481327,0.6593146512210711,-3.7478978308370654,1.7832285933201306e-4,8.835858516754981e-4,-1.052498237636557,ART5,ART5,Menor en MASH
ENSG00000146247,378.60185216113507,0.4912625222717093,3.746479236178779,1.7933383995264037e-4,8.876205453158657e-4,1.022862958200785,PHIP,PHIP,Mayor en MASH
ENSG00000205209,8.601519691266446,0.5600416864305331,3.7425116454168625,1.8219008677596357e-4,8.995709200950062e-4,1.020815881291209,SCGB2B2,SCGB2B2,Mayor en MASH
ENSG00000171798,14.585078316554583,0.44204682874181134,-3.7345899726984237,1.8802126551953328e-4,9.21855802730142e-4,-1.0379994596488502,KNDC1,KNDC1,Menor en MASH
ENSG00000133958,3.81787016716915,0.46738939052538025,-3.734366662499501,1.8818815997882882e-4,9.223400150736444e-4,-1.0657974162171242,UNC79,UNC79,Menor en MASH
ENSG00000111087,7.826311871909989,0.46935987213404207,3.7331588230066135,1.8909327416013412e-4,9.261055182003385e-4,1.0309872656369137,GLI1,GLI1,Mayor en MASH
ENSG00000155974,2.776273448456024,0.6273644078851058,-3.610665472990096,3.054123761704011e-4,0.0014024312538055358,-1.0606462777186711,GRIP1,GRIP1,Menor en MASH
ENSG00000243135,38.53105282375877,0.4519881736017707,-3.6007643835516174,3.172830107693236e-4,0.0014439504877727179,-1.00330500317633,NA,ENSG00000243135,Menor en MASH
ENSG00000129214,232.77810767276864,0.2806234780902147,3.597685041265131,3.2106207119887475e-4,0.0014574839898789966,1.3857839173075872,SHBG,SHBG,Mayor en MASH
ENSG00000106809,21.033150049504698,0.38615085202264676,3.422092339814171,6.21412055604487e-4,0.002559968045258046,1.6510108604537108,OGN,OGN,Mayor en MASH
ENSG00000215252,7.710032999434223,0.39436490110602246,3.144805724640751,0.0016619715693148534,0.005948733245323948,1.6243229148248224,GOLGA8A,GOLGA8A,Mayor en MASH
ENSG00000007001,80.17838786125604,0.5841504661292368,3.129152485484068,0.0017531130560321777,0.006219049119367818,1.3218260766493004,UPP2,UPP2,Mayor en MASH
ENSG00000160180,27.58633588412303,0.6478719056487521,3.0371397696077214,0.0023883468338327446,0.008110756663356785,1.6335981757699838,TFF3,TFF3,Mayor en MASH
ENSG00000221890,36.0742848387578,0.4274874897214388,3.005129669800765,0.0026546764872026245,0.008890736172009384,-1.0870100275531056,NPTXR,NPTXR,Menor en MASH
ENSG00000132698,7.408781852065822,0.36500663857823873,2.933605126824989,0.0033505016811918764,0.0108170143711649,1.3126902079538394,RAB25,RAB25,Mayor en MASH
ENSG00000100376,52.65738420317953,0.24668666981528514,2.7578519364109373,0.0058182544999758005,0.01717812675379987,1.122614986540042,SIRAL2,SIRAL2,Mayor en MASH
